Heure,Température intérieure(℃),Humidité intérieure(%),Température extérieure(℃),Humidité extérieure(%),Point de rosée(℃),Ressentie(℃),Vent(km/h),Rafale(km/h),Direction du vent(°),Pression ABS(hpa),Pression REL(hpa),Radiations solaires(lux),Index UV,Pluie dern. heure(mm),Evènement de pluie(mm),Pluie du jour(mm),Pluie hebdomadaire(mm),Pluie mensuelle(mm),Pluie annuelle(mm),Pm2.5(ug/m3)
2026/2/28 23:56,19.4,76,9.6,81,6.5,9.6,2.9,2.9,348,1024.3,1024.3,0,0,0.0,0.0,0.1,3.4,96.4,181.8,--
2026/2/28 23:57,19.4,76,9.6,81,6.5,9.6,3.6,4.3,63,1024.3,1024.3,0,0,0.0,0.0,0.1,3.4,96.4,181.8,--
2026/2/28 23:58,19.4,76,9.7,81,6.6,9.7,3.2,4.0,56,1024.3,1024.3,0,0,0.0,0.0,0.1,3.4,96.4,181.8,--
2026/2/28 23:59,19.4,76,9.6,81,6.5,9.6,1.8,3.2,233,1024.4,1024.4,0,0,0.0,0.0,0.1,3.4,96.4,181.8,--
2026/3/1 0:00,19.4,76,9.7,81,6.6,9.7,0.0,2.9,37,1024.1,1024.1,0,0,0.0,0.0,0.0,3.4,0.0,181.8,--
2026/3/1 0:00,19.4,76,9.6,81,6.5,9.6,0.0,2.9,23,1024.1,1024.1,0,0,0.0,0.0,0.0,3.4,0.0,181.8,--
2026/3/1 0:01,19.4,76,9.6,82,6.7,9.6,2.2,4.7,40,1024.3,1024.3,0,0,0.0,0.0,0.0,3.4,0.0,181.8,--
2026/3/1 0:02,19.4,76,9.6,82,6.7,9.6,3.2,3.2,95,1024.3,1024.3,0,0,0.0,0.0,0.0,3.4,0.0,181.8,--
2026/3/1 0:03,19.4,76,9.7,82,6.8,9.7,3.6,4.3,51,1024.3,1024.3,0,0,0.0,0.0,0.0,3.4,0.0,181.8,--
2026/3/1 0:04,19.4,76,9.7,82,6.8,9.7,0.0,3.2,269,1024.4,1024.4,0,0,0.0,0.0,0.0,3.4,0.0,181.8,--
2026/3/1 0:05,19.4,76,9.7,82,6.8,9.7,0.0,1.8,47,1024.2,1024.2,0,0,0.0,0.0,0.0,3.4,0.0,181.8,--
2026/3/1 0:06,19.4,76,9.7,82,6.8,9.7,2.2,2.2,77,1024.4,1024.4,0,0,0.0,0.0,0.0,3.4,0.0,181.8,--
2026/3/1 0:07,19.4,77,9.6,82,6.7,9.6,3.6,3.6,299,1024.4,1024.4,0,0,0.0,0.0,0.0,3.4,0.0,181.8,--
2026/3/1 0:08,19.4,77,9.7,82,6.8,9.7,2.2,2.9,69,1024.2,1024.2,0,0,0.0,0.0,0.0,3.4,0.0,181.8,--
2026/3/1 0:09,19.4,77,9.7,82,6.8,9.3,5.4,6.5,100,1024.3,1024.3,0,0,0.0,0.0,0.0,3.4,0.0,181.8,--
2026/3/1 0:10,19.4,77,9.7,82,6.8,9.7,3.2,3.2,308,1024.3,1024.3,0,0,0.0,0.0,0.0,3.4,0.0,181.8,--
2026/3/1 0:11,19.4,77,9.6,82,6.7,9.6,3.2,3.6,54,1024.2,1024.2,0,0,0.0,0.0,0.0,3.4,0.0,181.8,--
2026/3/1 0:12,19.4,77,9.6,82,6.7,9.6,3.6,4.3,81,1024.1,1024.1,0,0,0.0,0.0,0.0,3.4,0.0,181.8,--
2026/3/1 0:13,19.4,77,9.6,82,6.7,9.6,3.2,4.3,75,1024.3,1024.3,0,0,0.0,0.0,0.0,3.4,0.0,181.8,--
2026/3/1 0:14,19.4,77,9.6,82,6.7,9.6,2.5,2.5,65,1024.3,1024.3,0,0,0.0,0.0,0.0,3.4,0.0,181.8,--
2026/3/1 0:15,19.4,77,9.6,83,6.8,9.6,2.9,3.2,92,1024.3,1024.3,0,0,0.0,0.0,0.0,3.4,0.0,181.8,--
2026/3/1 0:16,19.4,77,9.6,83,6.8,9.6,3.6,3.6,95,1024.2,1024.2,0,0,0.0,0.0,0.0,3.4,0.0,181.8,--
2026/3/1 0:17,19.4,77,9.6,83,6.8,9.6,3.2,4.0,22,1024.2,1024.2,0,0,0.0,0.0,0.0,3.4,0.0,181.8,--
2026/3/1 0:18,19.3,77,9.5,83,6.7,9.5,3.2,3.6,20,1024.4,1024.4,0,0,0.0,0.0,0.0,3.4,0.0,181.8,--
2026/3/1 0:19,19.3,77,9.5,83,6.7,9.5,0.0,3.2,73,1024.3,1024.3,0,0,0.0,0.0,0.0,3.4,0.0,181.8,--
2026/3/1 0:20,19.4,77,9.5,83,6.7,8.9,6.1,6.1,316,1024.3,1024.3,0,0,0.0,0.0,0.0,3.4,0.0,181.8,--
2026/3/1 0:21,19.4,77,9.5,83,6.7,9.5,0.0,1.8,63,1024.5,1024.5,0,0,0.0,0.0,0.0,3.4,0.0,181.8,--
2026/3/1 0:22,19.3,77,9.5,83,6.7,9.5,0.0,3.6,271,1024.2,1024.2,0,0,0.0,0.0,0.0,3.4,0.0,181.8,--
2026/3/1 0:23,19.3,77,9.6,83,6.8,9.6,2.2,2.9,66,1024.5,1024.5,0,0,0.0,0.0,0.0,3.4,0.0,181.8,--
2026/3/1 0:24,19.3,77,9.5,83,6.7,9.5,2.2,3.2,71,1024.3,1024.3,0,0,0.0,0.0,0.0,3.4,0.0,181.8,--
2026/3/1 0:25,19.3,77,9.6,83,6.8,9.6,3.2,3.6,32,1024.4,1024.4,0,0,0.0,0.0,0.0,3.4,0.0,181.8,--
2026/3/1 0:26,19.3,77,9.6,84,7.0,9.6,2.9,4.3,101,1024.3,1024.3,0,0,0.0,0.0,0.0,3.4,0.0,181.8,--
2026/3/1 0:27,19.3,77,9.6,83,6.8,9.6,1.8,2.2,62,1024.2,1024.2,0,0,0.0,0.0,0.0,3.4,0.0,181.8,--
2026/3/1 0:28,19.3,77,9.5,83,6.7,9.5,0.0,4.0,97,1024.3,1024.3,0,0,0.0,0.0,0.0,3.4,0.0,181.8,--
2026/3/1 0:29,19.3,77,9.4,84,6.8,9.4,0.0,1.8,13,1024.4,1024.4,0,0,0.0,0.0,0.0,3.4,0.0,181.8,--
2026/3/1 0:30,19.3,77,9.4,84,6.8,9.4,2.9,5.4,330,1024.1,1024.1,0,0,0.0,0.0,0.0,3.4,0.0,181.8,--
2026/3/1 0:31,19.3,77,9.5,83,6.7,9.5,3.6,5.4,107,1024.3,1024.3,0,0,0.0,0.0,0.0,3.4,0.0,181.8,--
2026/3/1 0:32,19.3,77,9.5,83,6.7,9.5,1.8,5.0,331,1024.4,1024.4,0,0,0.0,0.0,0.0,3.4,0.0,181.8,--
2026/3/1 0:33,19.3,77,9.5,83,6.7,9.5,0.0,0.0,333,1024.4,1024.4,0,0,0.0,0.0,0.0,3.4,0.0,181.8,--
2026/3/1 0:34,19.3,77,9.5,83,6.7,9.5,2.5,2.5,13,1024.2,1024.2,0,0,0.0,0.0,0.0,3.4,0.0,181.8,--
2026/3/1 0:35,19.3,77,9.5,83,6.7,9.5,0.0,2.5,275,1024.5,1024.5,0,0,0.0,0.0,0.0,3.4,0.0,181.8,--
2026/3/1 0:36,19.3,77,9.5,83,6.7,9.5,2.5,3.2,204,1024.3,1024.3,0,0,0.0,0.0,0.0,3.4,0.0,181.8,--
2026/3/1 0:37,19.3,77,9.5,83,6.7,9.5,0.0,2.5,76,1024.3,1024.3,0,0,0.0,0.0,0.0,3.4,0.0,181.8,--
2026/3/1 0:38,19.3,77,9.5,83,6.7,9.5,3.6,4.3,28,1024.3,1024.3,0,0,0.0,0.0,0.0,3.4,0.0,181.8,--
2026/3/1 0:39,19.3,77,9.5,83,6.7,9.5,0.0,2.5,2,1024.3,1024.3,0,0,0.0,0.0,0.0,3.4,0.0,181.8,--
2026/3/1 0:40,19.3,77,9.5,83,6.7,9.5,3.6,3.6,65,1024.3,1024.3,0,0,0.0,0.0,0.0,3.4,0.0,181.8,--
2026/3/1 0:41,19.3,77,9.5,83,6.7,9.5,0.0,2.2,318,1024.4,1024.4,0,0,0.0,0.0,0.0,3.4,0.0,181.8,--
2026/3/1 0:42,19.3,77,9.5,83,6.7,9.5,2.9,3.6,280,1024.4,1024.4,0,0,0.0,0.0,0.0,3.4,0.0,181.8,--
2026/3/1 0:43,19.3,77,9.5,83,6.7,9.5,0.0,0.0,13,1024.4,1024.4,0,0,0.0,0.0,0.0,3.4,0.0,181.8,--
2026/3/1 0:44,19.3,77,9.5,83,6.7,9.5,2.9,2.9,45,1024.3,1024.3,0,0,0.0,0.0,0.0,3.4,0.0,181.8,--
2026/3/1 0:45,19.3,77,9.5,83,6.7,9.5,2.5,4.3,63,1024.3,1024.3,0,0,0.0,0.0,0.0,3.4,0.0,181.8,--
2026/3/1 0:46,19.3,77,9.5,83,6.7,9.5,0.0,2.2,77,1024.4,1024.4,0,0,0.0,0.0,0.0,3.4,0.0,181.8,--
2026/3/1 0:47,19.3,77,9.5,83,6.7,9.5,2.2,2.9,308,1024.3,1024.3,0,0,0.0,0.0,0.0,3.4,0.0,181.8,--
2026/3/1 0:48,19.3,77,9.5,82,6.6,9.5,1.8,1.8,34,1024.4,1024.4,0,0,0.0,0.0,0.0,3.4,0.0,181.8,--
2026/3/1 0:49,19.3,77,9.4,82,6.5,9.4,4.3,4.7,46,1024.3,1024.3,0,0,0.0,0.0,0.0,3.4,0.0,181.8,--
2026/3/1 0:50,19.3,77,9.4,82,6.5,9.4,0.0,2.2,331,1024.2,1024.2,0,0,0.0,0.0,0.0,3.4,0.0,181.8,--
2026/3/1 0:51,19.3,77,9.4,82,6.5,9.4,0.0,2.9,257,1024.4,1024.4,0,0,0.0,0.0,0.0,3.4,0.0,181.8,--
2026/3/1 0:52,19.2,77,9.4,82,6.5,8.8,5.8,5.8,271,1024.5,1024.5,0,0,0.0,0.0,0.0,3.4,0.0,181.8,--
2026/3/1 0:53,19.2,77,9.5,82,6.6,9.5,0.0,3.2,0,1024.2,1024.2,0,0,0.0,0.0,0.0,3.4,0.0,181.8,--
2026/3/1 0:54,19.2,77,9.5,82,6.6,8.9,6.1,6.1,295,1024.3,1024.3,0,0,0.0,0.0,0.0,3.4,0.0,181.8,--
2026/3/1 0:55,19.3,77,9.5,81,6.4,9.5,2.2,4.7,24,1024.1,1024.1,0,0,0.0,0.0,0.0,3.4,0.0,181.8,--
2026/3/1 0:56,19.2,77,9.5,81,6.4,9.5,3.6,3.6,55,1024.2,1024.2,0,0,0.0,0.0,0.0,3.4,0.0,181.8,--
2026/3/1 0:57,19.3,77,9.5,81,6.4,9.1,5.4,5.4,51,1024.1,1024.1,0,0,0.0,0.0,0.0,3.4,0.0,181.8,--
2026/3/1 0:58,19.3,77,9.5,81,6.4,9.2,5.0,5.0,96,1024.3,1024.3,0,0,0.0,0.0,0.0,3.4,0.0,181.8,--
2026/3/1 0:59,19.3,77,9.5,81,6.4,9.5,1.8,2.9,336,1024.2,1024.2,0,0,0.0,0.0,0.0,3.4,0.0,181.8,--
2026/3/1 1:00,19.3,77,9.5,81,6.4,9.5,2.2,4.0,34,1024.4,1024.4,0,0,0.0,0.0,0.0,3.4,0.0,181.8,--
2026/3/1 1:01,19.3,77,9.5,81,6.4,9.5,0.0,6.8,184,1024.3,1024.3,0,0,0.0,0.0,0.0,3.4,0.0,181.8,--
2026/3/1 1:02,19.2,77,9.5,81,6.4,9.5,3.6,4.0,341,1024.4,1024.4,0,0,0.0,0.0,0.0,3.4,0.0,181.8,--
2026/3/1 1:03,19.3,77,9.6,81,6.5,9.6,0.0,2.5,89,1024.2,1024.2,0,0,0.0,0.0,0.0,3.4,0.0,181.8,--
2026/3/1 1:04,19.3,77,9.6,81,6.5,9.6,2.2,4.3,16,1024.2,1024.2,0,0,0.0,0.0,0.0,3.4,0.0,181.8,--
2026/3/1 1:05,19.3,77,9.6,81,6.5,9.6,2.9,4.7,349,1024.1,1024.1,0,0,0.0,0.0,0.0,3.4,0.0,181.8,--
2026/3/1 1:06,19.3,77,9.7,81,6.6,9.7,1.8,2.9,49,1024.2,1024.2,0,0,0.0,0.0,0.0,3.4,0.0,181.8,--
2026/3/1 1:07,19.3,77,9.7,80,6.4,9.7,2.2,4.0,329,1024.1,1024.1,0,0,0.0,0.0,0.0,3.4,0.0,181.8,--
2026/3/1 1:08,19.3,77,9.7,80,6.4,9.7,3.6,3.6,67,1024.1,1024.1,0,0,0.0,0.0,0.0,3.4,0.0,181.8,--
2026/3/1 1:09,19.3,77,9.6,80,6.3,9.6,0.0,4.3,49,1024.1,1024.1,0,0,0.0,0.0,0.0,3.4,0.0,181.8,--
2026/3/1 1:10,19.3,77,9.6,80,6.3,9.6,3.6,4.3,53,1024.1,1024.1,0,0,0.0,0.0,0.0,3.4,0.0,181.8,--
2026/3/1 1:11,19.3,77,9.6,80,6.3,9.6,3.6,4.0,43,1024.0,1024.0,0,0,0.0,0.0,0.0,3.4,0.0,181.8,--
2026/3/1 1:12,19.2,77,9.6,80,6.3,9.6,0.0,2.2,81,1024.1,1024.1,0,0,0.0,0.0,0.0,3.4,0.0,181.8,--
2026/3/1 1:13,19.2,77,9.6,80,6.3,9.6,3.2,3.2,53,1024.0,1024.0,0,0,0.0,0.0,0.0,3.4,0.0,181.8,--
2026/3/1 1:14,19.3,77,9.6,80,6.3,9.6,2.9,3.2,63,1024.1,1024.1,0,0,0.0,0.0,0.0,3.4,0.0,181.8,--
2026/3/1 1:15,19.2,77,9.6,80,6.3,9.6,2.5,3.6,86,1024.3,1024.3,0,0,0.0,0.0,0.0,3.4,0.0,181.8,--
2026/3/1 1:16,19.2,77,9.6,80,6.3,9.6,3.2,3.6,19,1024.1,1024.1,0,0,0.0,0.0,0.0,3.4,0.0,181.8,--
2026/3/1 1:17,19.2,77,9.7,80,6.4,9.7,4.0,4.3,85,1024.0,1024.0,0,0,0.0,0.0,0.0,3.4,0.0,181.8,--
2026/3/1 1:18,19.2,77,9.7,80,6.4,9.7,2.5,3.6,57,1023.9,1023.9,0,0,0.0,0.0,0.0,3.4,0.0,181.8,--
2026/3/1 1:19,19.2,77,9.7,80,6.4,9.7,0.0,4.7,208,1024.2,1024.2,0,0,0.0,0.0,0.0,3.4,0.0,181.8,--
2026/3/1 1:20,19.2,77,9.7,80,6.4,9.7,2.2,2.9,65,1023.9,1023.9,0,0,0.0,0.0,0.0,3.4,0.0,181.8,--
2026/3/1 1:21,19.2,77,9.7,80,6.4,9.7,0.0,2.2,113,1024.2,1024.2,0,0,0.0,0.0,0.0,3.4,0.0,181.8,--
2026/3/1 1:22,19.2,77,9.7,80,6.4,9.7,0.0,4.3,220,1024.1,1024.1,0,0,0.0,0.0,0.0,3.4,0.0,181.8,--
2026/3/1 1:23,19.2,78,9.7,80,6.4,9.7,0.0,1.8,51,1024.1,1024.1,0,0,0.0,0.0,0.0,3.4,0.0,181.8,--
2026/3/1 1:24,19.2,78,9.7,80,6.4,9.7,3.2,4.0,44,1024.2,1024.2,0,0,0.0,0.0,0.0,3.4,0.0,181.8,--
2026/3/1 1:25,19.2,78,9.7,80,6.4,9.7,4.0,4.7,78,1024.0,1024.0,0,0,0.0,0.0,0.0,3.4,0.0,181.8,--
2026/3/1 1:26,19.2,78,9.7,80,6.4,9.7,0.0,0.0,78,1024.2,1024.2,0,0,0.0,0.0,0.0,3.4,0.0,181.8,--
2026/3/1 1:27,19.2,78,9.6,81,6.5,9.6,2.5,4.0,279,1024.1,1024.1,0,0,0.0,0.0,0.0,3.4,0.0,181.8,--
2026/3/1 1:28,19.2,78,9.7,81,6.6,9.7,2.9,4.3,53,1024.1,1024.1,0,0,0.0,0.0,0.0,3.4,0.0,181.8,--
2026/3/1 1:29,19.2,78,9.7,81,6.6,9.7,4.0,4.3,57,1023.9,1023.9,0,0,0.0,0.0,0.0,3.4,0.0,181.8,--
2026/3/1 1:30,19.2,78,9.7,81,6.6,9.7,2.9,4.0,78,1024.0,1024.0,0,0,0.0,0.0,0.0,3.4,0.0,181.8,--
2026/3/1 1:31,19.2,78,9.7,81,6.6,9.7,2.5,2.5,54,1024.1,1024.1,0,0,0.0,0.0,0.0,3.4,0.0,181.8,--
2026/3/1 1:32,19.2,78,9.7,81,6.6,9.7,4.0,4.0,52,1024.0,1024.0,0,0,0.0,0.0,0.0,3.4,0.0,181.8,--
2026/3/1 1:33,19.2,78,9.7,81,6.6,9.7,2.2,2.5,8,1024.0,1024.0,0,0,0.0,0.0,0.0,3.4,0.0,181.8,--
2026/3/1 1:34,19.2,78,9.8,82,6.9,9.2,6.1,6.1,258,1023.9,1023.9,0,0,0.0,0.0,0.0,3.4,0.0,181.8,--
2026/3/1 1:35,19.2,78,9.8,82,6.9,9.8,2.9,2.9,87,1023.9,1023.9,0,0,0.0,0.0,0.0,3.4,0.0,181.8,--
2026/3/1 1:36,19.2,78,9.8,82,6.9,9.8,2.2,4.3,70,1023.9,1023.9,0,0,0.0,0.0,0.0,3.4,0.0,181.8,--
2026/3/1 1:37,19.2,78,9.8,82,6.9,9.8,3.2,4.0,77,1023.9,1023.9,0,0,0.0,0.0,0.0,3.4,0.0,181.8,--
2026/3/1 1:38,19.2,78,9.8,82,6.9,9.8,1.8,4.3,154,1023.8,1023.8,0,0,0.0,0.0,0.0,3.4,0.0,181.8,--
2026/3/1 1:39,19.2,78,9.9,82,7.0,9.9,0.0,2.9,21,1024.1,1024.1,0,0,0.0,0.0,0.0,3.4,0.0,181.8,--
2026/3/1 1:40,19.2,78,9.8,82,6.9,9.8,0.0,3.2,170,1024.1,1024.1,0,0,0.0,0.0,0.0,3.4,0.0,181.8,--
2026/3/1 1:41,19.2,78,9.8,82,6.9,9.8,1.8,3.6,133,1023.9,1023.9,0,0,0.0,0.0,0.0,3.4,0.0,181.8,--
2026/3/1 1:42,19.2,78,9.8,82,6.9,9.8,2.2,5.0,91,1023.9,1023.9,0,0,0.0,0.0,0.0,3.4,0.0,181.8,--
2026/3/1 1:43,19.2,78,9.7,82,6.8,9.7,3.2,3.2,316,1024.0,1024.0,0,0,0.0,0.0,0.0,3.4,0.0,181.8,--
2026/3/1 1:44,19.2,78,9.7,82,6.8,9.7,0.0,0.0,145,1024.0,1024.0,0,0,0.0,0.0,0.0,3.4,0.0,181.8,--
2026/3/1 1:45,19.2,78,9.7,82,6.8,9.7,4.0,4.0,316,1024.0,1024.0,0,0,0.0,0.0,0.0,3.4,0.0,181.8,--
2026/3/1 1:46,19.2,78,9.7,82,6.8,9.7,3.6,3.6,255,1024.0,1024.0,0,0,0.0,0.0,0.0,3.4,0.0,181.8,--
2026/3/1 1:47,19.2,78,9.7,82,6.8,9.7,0.0,0.0,89,1023.9,1023.9,0,0,0.0,0.0,0.0,3.4,0.0,181.8,--
2026/3/1 1:48,19.2,78,9.7,82,6.8,9.7,3.6,4.0,40,1023.9,1023.9,0,0,0.0,0.0,0.0,3.4,0.0,181.8,--
2026/3/1 1:49,19.2,78,9.7,82,6.8,9.7,0.0,3.2,29,1023.8,1023.8,0,0,0.0,0.0,0.0,3.4,0.0,181.8,--
2026/3/1 1:50,19.2,78,9.6,82,6.7,9.3,5.0,5.0,21,1024.0,1024.0,0,0,0.0,0.0,0.0,3.4,0.0,181.8,--
2026/3/1 1:51,19.2,78,9.6,82,6.7,9.6,0.0,5.0,290,1023.9,1023.9,0,0,0.0,0.0,0.0,3.4,0.0,181.8,--
2026/3/1 1:52,19.2,78,9.6,82,6.7,9.6,2.5,3.2,275,1024.0,1024.0,0,0,0.0,0.0,0.0,3.4,0.0,181.8,--
2026/3/1 1:53,19.2,78,9.5,82,6.6,9.5,2.9,4.3,4,1023.9,1023.9,0,0,0.0,0.0,0.0,3.4,0.0,181.8,--
2026/3/1 1:54,19.2,78,9.6,81,6.5,9.6,4.7,5.0,47,1023.8,1023.8,0,0,0.0,0.0,0.0,3.4,0.0,181.8,--
2026/3/1 1:55,19.2,78,9.6,81,6.5,9.6,3.2,3.6,26,1023.9,1023.9,0,0,0.0,0.0,0.0,3.4,0.0,181.8,--
2026/3/1 1:56,19.2,78,9.5,81,6.4,9.5,0.0,3.6,53,1023.9,1023.9,0,0,0.0,0.0,0.0,3.4,0.0,181.8,--
2026/3/1 1:57,19.2,78,9.5,81,6.4,9.5,0.0,2.2,58,1023.9,1023.9,0,0,0.0,0.0,0.0,3.4,0.0,181.8,--
2026/3/1 1:58,19.2,78,9.6,81,6.5,9.6,2.5,3.6,92,1023.8,1023.8,0,0,0.0,0.0,0.0,3.4,0.0,181.8,--
2026/3/1 1:59,19.2,78,9.6,81,6.5,9.6,0.0,4.0,207,1023.8,1023.8,0,0,0.0,0.0,0.0,3.4,0.0,181.8,--
2026/3/1 2:00,19.2,78,9.6,81,6.5,9.6,3.2,4.0,61,1024.0,1024.0,0,0,0.0,0.0,0.0,3.4,0.0,181.8,--
2026/3/1 2:01,19.2,78,9.6,81,6.5,9.6,3.6,4.3,37,1024.0,1024.0,0,0,0.0,0.0,0.0,3.4,0.0,181.8,--
2026/3/1 2:02,19.1,78,9.6,81,6.5,9.6,2.9,3.2,196,1023.9,1023.9,0,0,0.0,0.0,0.0,3.4,0.0,181.8,--
2026/3/1 2:03,19.1,78,9.6,80,6.3,9.6,2.9,3.2,95,1023.8,1023.8,0,0,0.0,0.0,0.0,3.4,0.0,181.8,--
2026/3/1 2:04,19.2,78,9.6,80,6.3,9.6,2.2,2.9,57,1023.9,1023.9,0,0,0.0,0.0,0.0,3.4,0.0,181.8,--
2026/3/1 2:05,19.1,78,9.6,80,6.3,9.6,2.2,3.2,24,1023.9,1023.9,0,0,0.0,0.0,0.0,3.4,0.0,181.8,--
2026/3/1 2:06,19.1,78,9.6,81,6.5,9.6,4.0,6.8,164,1023.7,1023.7,0,0,0.0,0.0,0.0,3.4,0.0,181.8,--
2026/3/1 2:07,19.1,78,9.6,81,6.5,9.6,0.0,2.2,199,1023.8,1023.8,0,0,0.0,0.0,0.0,3.4,0.0,181.8,--
2026/3/1 2:08,19.1,78,9.6,81,6.5,9.6,3.2,4.7,22,1023.8,1023.8,0,0,0.0,0.0,0.0,3.4,0.0,181.8,--
2026/3/1 2:09,19.1,78,9.6,81,6.5,9.6,2.2,4.0,52,1023.9,1023.9,0,0,0.0,0.0,0.0,3.4,0.0,181.8,--
2026/3/1 2:10,19.1,78,9.6,81,6.5,9.6,4.0,4.7,78,1023.8,1023.8,0,0,0.0,0.0,0.0,3.4,0.0,181.8,--
2026/3/1 2:11,19.1,78,9.6,81,6.5,9.6,3.2,4.7,62,1023.9,1023.9,0,0,0.0,0.0,0.0,3.4,0.0,181.8,--
2026/3/1 2:12,19.1,78,9.6,81,6.5,9.2,5.4,5.4,3,1023.8,1023.8,0,0,0.0,0.0,0.0,3.4,0.0,181.8,--
2026/3/1 2:13,19.1,78,9.7,81,6.6,9.7,1.8,3.2,126,1024.0,1024.0,0,0,0.0,0.0,0.0,3.4,0.0,181.8,--
2026/3/1 2:14,19.1,78,9.7,81,6.6,9.7,3.2,3.2,96,1023.7,1023.7,0,0,0.0,0.0,0.0,3.4,0.0,181.8,--
2026/3/1 2:15,19.1,78,9.7,81,6.6,9.7,0.0,4.3,66,1023.7,1023.7,0,0,0.0,0.0,0.0,3.4,0.0,181.8,--
2026/3/1 2:16,19.1,78,9.7,81,6.6,9.7,2.2,5.8,71,1023.8,1023.8,0,0,0.0,0.0,0.0,3.4,0.0,181.8,--
2026/3/1 2:17,19.1,78,9.7,81,6.6,9.7,0.0,3.2,98,1023.9,1023.9,0,0,0.0,0.0,0.0,3.4,0.0,181.8,--
2026/3/1 2:18,19.2,78,9.7,81,6.6,9.7,1.8,5.0,95,1023.7,1023.7,0,0,0.0,0.0,0.0,3.4,0.0,181.8,--
2026/3/1 2:19,19.2,78,9.7,81,6.6,9.7,2.2,2.5,61,1023.7,1023.7,0,0,0.0,0.0,0.0,3.4,0.0,181.8,--
2026/3/1 2:20,19.2,78,9.6,81,6.5,9.6,4.0,5.0,38,1023.8,1023.8,0,0,0.0,0.0,0.0,3.4,0.0,181.8,--
2026/3/1 2:21,19.1,78,9.6,81,6.5,9.3,5.0,5.0,5,1023.6,1023.6,0,0,0.0,0.0,0.0,3.4,0.0,181.8,--
2026/3/1 2:22,19.2,78,9.7,81,6.6,9.7,0.0,2.2,126,1023.6,1023.6,0,0,0.0,0.0,0.0,3.4,0.0,181.8,--
2026/3/1 2:23,19.2,78,9.6,81,6.5,8.8,6.5,6.8,151,1023.6,1023.6,0,0,0.0,0.0,0.0,3.4,0.0,181.8,--
2026/3/1 2:24,19.2,78,9.7,81,6.6,9.7,4.3,4.3,71,1023.7,1023.7,0,0,0.0,0.0,0.0,3.4,0.0,181.8,--
2026/3/1 2:25,19.2,78,9.7,81,6.6,9.7,3.2,4.3,28,1023.6,1023.6,0,0,0.0,0.0,0.0,3.4,0.0,181.8,--
2026/3/1 2:26,19.2,78,9.7,81,6.6,9.7,1.8,2.2,326,1023.8,1023.8,0,0,0.0,0.0,0.0,3.4,0.0,181.8,--
2026/3/1 2:27,19.2,78,9.7,81,6.6,9.7,3.2,3.2,70,1023.7,1023.7,0,0,0.0,0.0,0.0,3.4,0.0,181.8,--
2026/3/1 2:28,19.2,78,9.7,81,6.6,9.4,5.0,5.8,35,1023.6,1023.6,0,0,0.0,0.0,0.0,3.4,0.0,181.8,--
2026/3/1 2:29,19.2,78,9.7,81,6.6,9.7,0.0,2.9,38,1023.7,1023.7,0,0,0.0,0.0,0.0,3.4,0.0,181.8,--
2026/3/1 2:30,19.2,78,9.7,81,6.6,9.7,3.2,4.0,58,1023.4,1023.4,0,0,0.0,0.0,0.0,3.4,0.0,181.8,--
2026/3/1 2:31,19.2,78,9.7,81,6.6,9.7,2.2,3.2,62,1023.3,1023.3,0,0,0.0,0.0,0.0,3.4,0.0,181.8,--
2026/3/1 2:32,19.1,78,9.7,81,6.6,9.7,1.8,2.9,59,1023.6,1023.6,0,0,0.0,0.0,0.0,3.4,0.0,181.8,--
2026/3/1 2:33,19.2,78,9.7,81,6.6,9.7,4.3,4.3,65,1023.7,1023.7,0,0,0.0,0.0,0.0,3.4,0.0,181.8,--
2026/3/1 2:34,19.2,78,9.7,81,6.6,9.7,0.0,2.5,106,1023.6,1023.6,0,0,0.0,0.0,0.0,3.4,0.0,181.8,--
2026/3/1 2:35,19.2,78,9.7,81,6.6,9.7,4.3,4.3,23,1023.5,1023.5,0,0,0.0,0.0,0.0,3.4,0.0,181.8,--
2026/3/1 2:36,19.1,78,9.7,81,6.6,9.7,4.0,4.7,73,1023.6,1023.6,0,0,0.0,0.0,0.0,3.4,0.0,181.8,--
2026/3/1 2:37,19.1,78,9.7,81,6.6,9.7,0.0,2.5,6,1023.6,1023.6,0,0,0.0,0.0,0.0,3.4,0.0,181.8,--
2026/3/1 2:38,19.1,78,9.7,81,6.6,9.7,2.2,5.8,79,1023.7,1023.7,0,0,0.0,0.0,0.0,3.4,0.0,181.8,--
2026/3/1 2:39,19.1,78,9.7,81,6.6,9.7,2.9,3.2,63,1023.5,1023.5,0,0,0.0,0.0,0.0,3.4,0.0,181.8,--
2026/3/1 2:40,19.1,78,9.6,81,6.5,9.6,1.8,2.2,308,1023.6,1023.6,0,0,0.0,0.0,0.0,3.4,0.0,181.8,--
2026/3/1 2:41,19.2,78,9.6,81,6.5,9.6,2.2,4.3,71,1023.4,1023.4,0,0,0.0,0.0,0.0,3.4,0.0,181.8,--
2026/3/1 2:42,19.1,78,9.6,81,6.5,9.6,0.0,3.2,84,1023.5,1023.5,0,0,0.0,0.0,0.0,3.4,0.0,181.8,--
2026/3/1 2:43,19.1,78,9.6,81,6.5,9.6,4.7,8.3,84,1023.7,1023.7,0,0,0.0,0.0,0.0,3.4,0.0,181.8,--
2026/3/1 2:44,19.1,78,9.6,81,6.5,9.6,3.6,3.6,233,1023.6,1023.6,0,0,0.0,0.0,0.0,3.4,0.0,181.8,--
2026/3/1 2:45,19.1,78,9.6,81,6.5,9.6,2.2,2.5,333,1023.5,1023.5,0,0,0.0,0.0,0.0,3.4,0.0,181.8,--
2026/3/1 2:46,19.1,78,9.6,80,6.3,9.6,3.2,3.2,82,1023.4,1023.4,0,0,0.0,0.0,0.0,3.4,0.0,181.8,--
2026/3/1 2:47,19.1,78,9.6,80,6.3,9.6,0.0,2.5,79,1023.2,1023.2,0,0,0.0,0.0,0.0,3.4,0.0,181.8,--
2026/3/1 2:48,19.2,78,9.6,80,6.3,9.6,3.2,3.2,67,1023.3,1023.3,0,0,0.0,0.0,0.0,3.4,0.0,181.8,--
2026/3/1 2:49,19.1,78,9.6,80,6.3,9.6,3.6,3.6,4,1023.3,1023.3,0,0,0.0,0.0,0.0,3.4,0.0,181.8,--
2026/3/1 2:50,19.1,78,9.6,80,6.3,9.6,1.8,2.2,77,1023.5,1023.5,0,0,0.0,0.0,0.0,3.4,0.0,181.8,--
2026/3/1 2:51,19.1,78,9.6,80,6.3,9.6,1.8,7.6,44,1023.4,1023.4,0,0,0.0,0.0,0.0,3.4,0.0,181.8,--
2026/3/1 2:52,19.1,78,9.6,80,6.3,9.3,5.0,5.4,337,1023.6,1023.6,0,0,0.0,0.0,0.0,3.4,0.0,181.8,--
2026/3/1 2:53,19.1,78,9.7,80,6.4,9.7,3.2,3.2,112,1023.4,1023.4,0,0,0.0,0.0,0.0,3.4,0.0,181.8,--
2026/3/1 2:54,19.1,78,9.6,80,6.3,9.6,2.2,2.9,117,1023.5,1023.5,0,0,0.0,0.0,0.0,3.4,0.0,181.8,--
2026/3/1 2:55,19.1,78,9.6,80,6.3,9.6,0.0,1.8,68,1023.4,1023.4,0,0,0.0,0.0,0.0,3.4,0.0,181.8,--
2026/3/1 2:56,19.1,78,9.6,80,6.3,9.6,3.2,4.3,114,1023.6,1023.6,0,0,0.0,0.0,0.0,3.4,0.0,181.8,--
2026/3/1 2:57,19.1,78,9.6,80,6.3,9.6,4.3,4.3,42,1023.5,1023.5,0,0,0.0,0.0,0.0,3.4,0.0,181.8,--
2026/3/1 2:58,19.1,79,9.6,80,6.3,9.6,2.5,4.0,85,1023.5,1023.5,0,0,0.0,0.0,0.0,3.4,0.0,181.8,--
2026/3/1 2:59,19.1,79,9.6,80,6.3,9.6,2.9,3.2,75,1023.3,1023.3,0,0,0.0,0.0,0.0,3.4,0.0,181.8,--
2026/3/1 3:00,19.1,79,9.6,79,6.1,9.3,5.0,5.8,34,1023.4,1023.4,0,0,0.0,0.0,0.0,3.4,0.0,181.8,--
2026/3/1 3:01,19.1,79,9.6,79,6.1,9.6,4.0,5.0,42,1023.4,1023.4,0,0,0.0,0.0,0.0,3.4,0.0,181.8,--
2026/3/1 3:02,19.1,79,9.7,79,6.2,9.7,3.6,5.8,40,1023.4,1023.4,0,0,0.0,0.0,0.0,3.4,0.0,181.8,--
2026/3/1 3:03,19.1,79,9.6,79,6.1,9.6,2.2,3.6,13,1023.4,1023.4,0,0,0.0,0.0,0.0,3.4,0.0,181.8,--
2026/3/1 3:04,19.1,79,9.6,79,6.1,9.6,4.3,4.3,14,1023.3,1023.3,0,0,0.0,0.0,0.0,3.4,0.0,181.8,--
2026/3/1 3:05,19.1,79,9.6,79,6.1,9.6,3.2,6.5,259,1023.5,1023.5,0,0,0.0,0.0,0.0,3.4,0.0,181.8,--
2026/3/1 3:06,19.1,79,9.6,79,6.1,9.6,3.2,3.2,42,1023.5,1023.5,0,0,0.0,0.0,0.0,3.4,0.0,181.8,--
2026/3/1 3:07,19.1,79,9.6,79,6.1,9.6,4.7,4.7,26,1023.4,1023.4,0,0,0.0,0.0,0.0,3.4,0.0,181.8,--
2026/3/1 3:08,19.1,79,9.6,79,6.1,9.6,0.0,2.2,168,1023.4,1023.4,0,0,0.0,0.0,0.0,3.4,0.0,181.8,--
2026/3/1 3:09,19.1,79,9.6,79,6.1,9.6,3.6,3.6,60,1023.4,1023.4,0,0,0.0,0.0,0.0,3.4,0.0,181.8,--
2026/3/1 3:10,19.1,79,9.6,79,6.1,9.0,6.1,6.1,83,1023.3,1023.3,0,0,0.0,0.0,0.0,3.4,0.0,181.8,--
2026/3/1 3:11,19.1,79,9.6,79,6.1,9.6,0.0,6.1,6,1023.4,1023.4,0,0,0.0,0.0,0.0,3.4,0.0,181.8,--
2026/3/1 3:12,19.1,79,9.6,79,6.1,9.6,4.3,4.7,84,1023.3,1023.3,0,0,0.0,0.0,0.0,3.4,0.0,181.8,--
2026/3/1 3:13,19.1,79,9.6,79,6.1,9.6,3.6,4.0,71,1023.2,1023.2,0,0,0.0,0.0,0.0,3.4,0.0,181.8,--
2026/3/1 3:14,19.1,79,9.7,79,6.2,9.7,4.7,4.7,44,1023.3,1023.3,0,0,0.0,0.0,0.0,3.4,0.0,181.8,--
2026/3/1 3:15,19.1,79,9.7,79,6.2,9.7,4.3,4.3,70,1023.2,1023.2,0,0,0.0,0.0,0.0,3.4,0.0,181.8,--
2026/3/1 3:16,19.1,79,9.7,79,6.2,9.7,2.9,4.0,69,1023.4,1023.4,0,0,0.0,0.0,0.0,3.4,0.0,181.8,--
2026/3/1 3:17,19.1,79,9.7,79,6.2,9.3,5.4,5.4,354,1023.2,1023.2,0,0,0.0,0.0,0.0,3.4,0.0,181.8,--
2026/3/1 3:18,19.1,79,9.7,79,6.2,9.7,0.0,3.2,53,1023.3,1023.3,0,0,0.0,0.0,0.0,3.4,0.0,181.8,--
2026/3/1 3:19,19.1,79,9.7,79,6.2,9.7,2.9,4.0,104,1023.3,1023.3,0,0,0.0,0.0,0.0,3.4,0.0,181.8,--
2026/3/1 3:20,19.1,79,9.7,79,6.2,9.7,4.3,5.4,43,1023.3,1023.3,0,0,0.0,0.0,0.0,3.4,0.0,181.8,--
2026/3/1 3:21,19.1,79,9.7,79,6.2,9.4,5.0,6.8,6,1023.3,1023.3,0,0,0.0,0.0,0.0,3.4,0.0,181.8,--
2026/3/1 3:22,19.1,79,9.7,78,6.1,9.4,5.0,5.4,46,1023.3,1023.3,0,0,0.0,0.0,0.0,3.4,0.0,181.8,--
2026/3/1 3:23,19.1,79,9.7,78,6.1,9.7,2.9,3.6,359,1023.3,1023.3,0,0,0.0,0.0,0.0,3.4,0.0,181.8,--
2026/3/1 3:24,19.1,79,9.7,78,6.1,9.7,2.9,3.2,2,1023.4,1023.4,0,0,0.0,0.0,0.0,3.4,0.0,181.8,--
2026/3/1 3:25,19.1,79,9.7,78,6.1,9.3,5.4,5.4,67,1023.2,1023.2,0,0,0.0,0.0,0.0,3.4,0.0,181.8,--
2026/3/1 3:26,19.1,79,9.7,78,6.1,9.7,2.2,6.1,269,1023.2,1023.2,0,0,0.0,0.0,0.0,3.4,0.0,181.8,--
2026/3/1 3:27,19.1,79,9.7,78,6.1,9.7,4.3,4.7,63,1023.2,1023.2,0,0,0.0,0.0,0.0,3.4,0.0,181.8,--
2026/3/1 3:28,19.1,79,9.7,78,6.1,9.7,1.8,3.6,78,1023.0,1023.0,0,0,0.0,0.0,0.0,3.4,0.0,181.8,--
2026/3/1 3:29,19.1,79,9.7,78,6.1,9.7,3.2,4.3,19,1023.3,1023.3,0,0,0.0,0.0,0.0,3.4,0.0,181.8,--
2026/3/1 3:30,19.1,79,9.8,78,6.2,9.8,4.7,5.0,28,1023.3,1023.3,0,0,0.0,0.0,0.0,3.4,0.0,181.8,--
2026/3/1 3:31,19.1,79,9.8,78,6.2,9.8,2.2,4.0,31,1023.1,1023.1,0,0,0.0,0.0,0.0,3.4,0.0,181.8,--
2026/3/1 3:32,19.1,79,9.8,78,6.2,9.8,3.6,3.6,54,1023.1,1023.1,0,0,0.0,0.0,0.0,3.4,0.0,181.8,--
2026/3/1 3:33,19.1,79,9.8,79,6.3,9.8,3.6,3.6,72,1023.4,1023.4,0,0,0.0,0.0,0.0,3.4,0.0,181.8,--
2026/3/1 3:34,19.1,79,9.7,79,6.2,9.2,5.8,6.1,43,1023.0,1023.0,0,0,0.0,0.0,0.0,3.4,0.0,181.8,--
2026/3/1 3:35,19.0,79,9.7,79,6.2,9.7,2.9,4.7,8,1023.1,1023.1,0,0,0.0,0.0,0.0,3.4,0.0,181.8,--
2026/3/1 3:36,19.0,79,9.7,79,6.2,9.7,3.2,4.3,67,1023.3,1023.3,0,0,0.0,0.0,0.0,3.4,0.0,181.8,--
2026/3/1 3:37,19.0,79,9.7,79,6.2,9.7,2.9,5.8,327,1023.1,1023.1,0,0,0.0,0.0,0.0,3.4,0.0,181.8,--
2026/3/1 3:38,19.0,79,9.6,79,6.1,9.6,4.3,4.7,56,1023.2,1023.2,0,0,0.0,0.0,0.0,3.4,0.0,181.8,--
2026/3/1 3:39,19.1,79,9.6,79,6.1,9.6,4.0,5.8,7,1022.8,1022.8,0,0,0.0,0.0,0.0,3.4,0.0,181.8,--
2026/3/1 3:40,19.1,79,9.6,79,6.1,9.6,2.9,3.6,100,1022.9,1022.9,0,0,0.0,0.0,0.0,3.4,0.0,181.8,--
2026/3/1 3:41,19.1,79,9.6,79,6.1,9.6,3.6,4.3,84,1022.8,1022.8,0,0,0.0,0.0,0.0,3.4,0.0,181.8,--
2026/3/1 3:42,19.1,79,9.6,79,6.1,9.6,0.0,4.0,31,1023.0,1023.0,0,0,0.0,0.0,0.0,3.4,0.0,181.8,--
2026/3/1 3:43,19.0,79,9.6,79,6.1,9.2,5.4,5.4,46,1022.9,1022.9,0,0,0.0,0.0,0.0,3.4,0.0,181.8,--
2026/3/1 3:44,19.1,79,9.7,79,6.2,9.7,4.7,6.5,72,1023.0,1023.0,0,0,0.0,0.0,0.0,3.4,0.0,181.8,--
2026/3/1 3:45,19.0,79,9.7,79,6.2,9.7,4.7,5.4,21,1023.2,1023.2,0,0,0.0,0.0,0.0,3.4,0.0,181.8,--
2026/3/1 3:46,19.0,79,9.8,80,6.5,9.8,2.9,4.0,162,1023.2,1023.2,0,0,0.0,0.0,0.0,3.4,0.0,181.8,--
2026/3/1 3:47,19.1,79,9.8,80,6.5,9.8,4.3,4.7,40,1023.1,1023.1,0,0,0.0,0.0,0.0,3.4,0.0,181.8,--
2026/3/1 3:48,19.1,79,9.8,80,6.5,9.8,4.3,5.0,56,1023.0,1023.0,0,0,0.0,0.0,0.0,3.4,0.0,181.8,--
2026/3/1 3:49,19.0,79,9.8,80,6.5,8.9,7.2,8.6,146,1023.0,1023.0,0,0,0.0,0.0,0.0,3.4,0.0,181.8,--
2026/3/1 3:50,19.0,79,9.9,80,6.6,9.9,2.5,4.3,47,1023.0,1023.0,0,0,0.0,0.0,0.0,3.4,0.0,181.8,--
2026/3/1 3:51,19.0,79,9.8,80,6.5,9.2,6.1,6.5,135,1023.2,1023.2,0,0,0.0,0.0,0.0,3.4,0.0,181.8,--
2026/3/1 3:52,19.0,79,9.9,80,6.6,9.1,6.8,6.8,106,1023.0,1023.0,0,0,0.0,0.0,0.0,3.4,0.0,181.8,--
2026/3/1 3:53,19.1,79,9.8,80,6.5,9.8,0.0,5.0,50,1023.1,1023.1,0,0,0.0,0.0,0.0,3.4,0.0,181.8,--
2026/3/1 3:54,19.0,79,9.8,80,6.5,9.8,3.6,4.7,31,1023.1,1023.1,0,0,0.0,0.0,0.0,3.4,0.0,181.8,--
2026/3/1 3:55,19.1,79,9.8,81,6.7,9.8,3.6,4.7,62,1023.0,1023.0,0,0,0.0,0.0,0.0,3.4,0.0,181.8,--
2026/3/1 3:56,19.1,79,9.8,81,6.7,9.8,4.3,4.7,81,1022.9,1022.9,0,0,0.0,0.0,0.0,3.4,0.0,181.8,--
2026/3/1 3:57,19.1,79,9.8,81,6.7,9.8,4.0,4.0,56,1023.1,1023.1,0,0,0.0,0.0,0.0,3.4,0.0,181.8,--
2026/3/1 3:58,19.1,79,9.8,81,6.7,9.5,5.0,5.0,21,1022.8,1022.8,0,0,0.0,0.0,0.0,3.4,0.0,181.8,--
2026/3/1 3:59,19.1,79,9.7,81,6.6,9.7,0.0,3.2,118,1023.0,1023.0,0,0,0.0,0.0,0.0,3.4,0.0,181.8,--
2026/3/1 4:00,19.1,79,9.7,81,6.6,9.7,4.3,5.0,125,1022.8,1022.8,0,0,0.0,0.0,0.0,3.4,0.0,181.8,--
2026/3/1 4:01,19.1,79,9.7,81,6.6,9.7,3.2,3.6,24,1022.9,1022.9,0,0,0.0,0.0,0.0,3.4,0.0,181.8,--
2026/3/1 4:02,19.1,79,9.7,81,6.6,9.7,1.8,4.3,97,1022.8,1022.8,0,0,0.0,0.0,0.0,3.4,0.0,181.8,--
2026/3/1 4:03,19.1,79,9.7,81,6.6,9.7,4.7,4.7,327,1022.9,1022.9,0,0,0.0,0.0,0.0,3.4,0.0,181.8,--
2026/3/1 4:04,19.1,79,9.7,81,6.6,9.7,3.2,4.3,71,1022.8,1022.8,0,0,0.0,0.0,0.0,3.4,0.0,181.8,--
2026/3/1 4:05,19.1,79,9.6,81,6.5,9.6,0.0,1.8,63,1022.8,1022.8,0,0,0.0,0.0,0.0,3.4,0.0,181.8,--
2026/3/1 4:06,19.1,79,9.7,81,6.6,8.9,6.8,6.8,38,1022.9,1022.9,0,0,0.0,0.0,0.0,3.4,0.0,181.8,--
2026/3/1 4:07,19.1,79,9.7,81,6.6,9.4,5.0,5.0,3,1022.8,1022.8,0,0,0.0,0.0,0.0,3.4,0.0,181.8,--
2026/3/1 4:08,19.1,79,9.7,81,6.6,9.7,3.2,6.1,185,1022.8,1022.8,0,0,0.0,0.0,0.0,3.4,0.0,181.8,--
2026/3/1 4:09,19.1,79,9.7,81,6.6,9.7,3.2,4.3,96,1022.8,1022.8,0,0,0.0,0.0,0.0,3.4,0.0,181.8,--
2026/3/1 4:10,19.1,79,9.7,81,6.6,9.7,2.5,3.2,340,1022.7,1022.7,0,0,0.0,0.0,0.0,3.4,0.0,181.8,--
2026/3/1 4:11,19.1,79,9.6,81,6.5,9.6,2.5,6.5,19,1022.8,1022.8,0,0,0.0,0.0,0.0,3.4,0.0,181.8,--
2026/3/1 4:12,19.1,79,9.6,81,6.5,9.6,2.5,4.7,144,1022.7,1022.7,0,0,0.0,0.0,0.0,3.4,0.0,181.8,--
2026/3/1 4:13,19.1,79,9.6,80,6.3,9.6,4.0,7.2,115,1022.8,1022.8,0,0,0.0,0.0,0.0,3.4,0.0,181.8,--
2026/3/1 4:14,19.0,79,9.6,80,6.3,8.7,7.2,7.2,143,1022.8,1022.8,0,0,0.0,0.0,0.0,3.4,0.0,181.8,--
2026/3/1 4:15,19.0,79,9.6,80,6.3,9.6,3.6,4.7,166,1022.9,1022.9,0,0,0.0,0.0,0.0,3.4,0.0,181.8,--
2026/3/1 4:16,19.1,79,9.7,80,6.4,9.7,3.2,4.7,109,1022.7,1022.7,0,0,0.0,0.0,0.0,3.4,0.0,181.8,--
2026/3/1 4:17,19.1,79,9.6,80,6.3,9.6,2.9,2.9,62,1022.8,1022.8,0,0,0.0,0.0,0.0,3.4,0.0,181.8,--
2026/3/1 4:18,19.1,79,9.6,80,6.3,9.6,2.9,3.2,54,1022.7,1022.7,0,0,0.0,0.0,0.0,3.4,0.0,181.8,--
2026/3/1 4:19,19.1,79,9.6,80,6.3,9.6,4.3,5.4,92,1022.9,1022.9,0,0,0.0,0.0,0.0,3.4,0.0,181.8,--
2026/3/1 4:20,19.1,79,9.7,80,6.4,9.7,3.2,5.0,61,1022.8,1022.8,0,0,0.0,0.0,0.0,3.4,0.0,181.8,--
2026/3/1 4:21,19.1,79,9.7,80,6.4,9.7,4.3,5.8,126,1022.7,1022.7,0,0,0.0,0.0,0.0,3.4,0.0,181.8,--
2026/3/1 4:22,19.1,79,9.8,80,6.5,8.9,7.2,7.2,165,1022.8,1022.8,0,0,0.0,0.0,0.0,3.4,0.0,181.8,--
2026/3/1 4:23,19.1,79,9.8,80,6.5,9.2,6.1,6.1,52,1022.8,1022.8,0,0,0.0,0.0,0.0,3.4,0.0,181.8,--
2026/3/1 4:24,19.1,79,9.8,80,6.5,9.5,5.0,5.4,87,1022.8,1022.8,0,0,0.0,0.0,0.0,3.4,0.0,181.8,--
2026/3/1 4:25,19.1,79,9.8,80,6.5,9.1,6.5,10.1,129,1022.6,1022.6,0,0,0.0,0.0,0.0,3.4,0.0,181.8,--
2026/3/1 4:26,19.1,79,9.7,80,6.4,9.7,4.7,7.2,99,1022.7,1022.7,0,0,0.0,0.0,0.0,3.4,0.0,181.8,--
2026/3/1 4:27,19.0,79,9.7,80,6.4,9.2,5.8,6.8,171,1022.8,1022.8,0,0,0.0,0.0,0.0,3.4,0.0,181.8,--
2026/3/1 4:28,19.1,79,9.7,80,6.4,9.7,2.2,8.3,175,1022.6,1022.6,0,0,0.0,0.0,0.0,3.4,0.0,181.8,--
2026/3/1 4:29,19.0,79,9.8,80,6.5,9.8,4.3,7.2,118,1022.6,1022.6,0,0,0.0,0.0,0.0,3.4,0.0,181.8,--
2026/3/1 4:30,19.1,79,9.8,79,6.3,9.8,0.0,3.2,77,1022.6,1022.6,0,0,0.0,0.0,0.0,3.4,0.0,181.8,--
2026/3/1 4:31,19.1,79,9.7,79,6.2,9.7,3.6,6.5,14,1022.6,1022.6,0,0,0.0,0.0,0.0,3.4,0.0,181.8,--
2026/3/1 4:32,19.1,79,9.7,79,6.2,9.7,4.3,5.4,62,1022.7,1022.7,0,0,0.0,0.0,0.0,3.4,0.0,181.8,--
2026/3/1 4:33,19.1,79,9.7,79,6.2,9.7,0.0,3.6,101,1022.7,1022.7,0,0,0.0,0.0,0.0,3.4,0.0,181.8,--
2026/3/1 4:34,19.1,79,9.7,79,6.2,9.7,3.2,5.0,76,1022.8,1022.8,0,0,0.0,0.0,0.0,3.4,0.0,181.8,--
2026/3/1 4:35,19.0,79,9.7,80,6.4,9.7,2.2,4.3,4,1022.8,1022.8,0,0,0.0,0.0,0.0,3.4,0.0,181.8,--
2026/3/1 4:36,19.1,79,9.7,80,6.4,9.2,5.8,7.2,180,1022.8,1022.8,0,0,0.0,0.0,0.0,3.4,0.0,181.8,--
2026/3/1 4:37,19.1,79,9.7,80,6.4,9.7,4.7,5.0,152,1022.6,1022.6,0,0,0.0,0.0,0.0,3.4,0.0,181.8,--
2026/3/1 4:38,19.1,79,9.7,80,6.4,9.7,2.5,4.0,95,1022.6,1022.6,0,0,0.0,0.0,0.0,3.4,0.0,181.8,--
2026/3/1 4:39,19.0,79,9.7,81,6.6,8.8,7.2,7.2,131,1022.5,1022.5,0,0,0.0,0.0,0.0,3.4,0.0,181.8,--
2026/3/1 4:40,19.1,79,9.8,81,6.7,9.8,0.0,4.0,148,1022.6,1022.6,0,0,0.0,0.0,0.0,3.4,0.0,181.8,--
2026/3/1 4:41,19.0,79,9.7,81,6.6,9.3,5.4,6.5,137,1022.5,1022.5,0,0,0.0,0.0,0.0,3.4,0.0,181.8,--
2026/3/1 4:42,19.0,79,9.7,81,6.6,9.7,3.2,3.2,65,1022.7,1022.7,0,0,0.0,0.0,0.0,3.4,0.0,181.8,--
2026/3/1 4:43,19.0,79,9.7,81,6.6,9.7,2.2,4.3,107,1022.6,1022.6,0,0,0.0,0.0,0.0,3.4,0.0,181.8,--
2026/3/1 4:44,19.1,79,9.6,81,6.5,9.6,3.6,4.7,66,1022.7,1022.7,0,0,0.0,0.0,0.0,3.4,0.0,181.8,--
2026/3/1 4:45,19.1,79,9.6,81,6.5,9.6,3.6,3.6,98,1022.7,1022.7,0,0,0.0,0.0,0.0,3.4,0.0,181.8,--
2026/3/1 4:46,19.1,79,9.5,81,6.4,9.5,3.6,4.0,28,1022.7,1022.7,0,0,0.0,0.0,0.0,3.4,0.0,181.8,--
2026/3/1 4:47,19.0,79,9.5,81,6.4,9.5,1.8,2.5,76,1022.6,1022.6,0,0,0.0,0.0,0.0,3.4,0.0,181.8,--
2026/3/1 4:48,19.0,79,9.5,81,6.4,9.5,2.2,4.3,164,1022.5,1022.5,0,0,0.0,0.0,0.0,3.4,0.0,181.8,--
2026/3/1 4:49,19.1,79,9.5,81,6.4,9.5,4.0,6.1,61,1022.6,1022.6,0,0,0.0,0.0,0.0,3.4,0.0,181.8,--
2026/3/1 4:50,19.1,79,9.5,82,6.6,9.5,4.0,4.3,50,1022.7,1022.7,0,0,0.0,0.0,0.0,3.4,0.0,181.8,--
2026/3/1 4:51,19.0,79,9.5,82,6.6,9.1,5.4,5.8,86,1022.8,1022.8,0,0,0.0,0.0,0.0,3.4,0.0,181.8,--
2026/3/1 4:52,19.1,79,9.5,82,6.6,8.9,6.1,7.6,181,1022.6,1022.6,0,0,0.0,0.0,0.0,3.4,0.0,181.8,--
2026/3/1 4:53,19.1,79,9.6,82,6.7,9.6,2.2,4.7,63,1022.7,1022.7,0,0,0.0,0.0,0.0,3.4,0.0,181.8,--
2026/3/1 4:54,19.0,79,9.5,82,6.6,9.5,4.0,5.0,141,1022.6,1022.6,0,0,0.0,0.0,0.0,3.4,0.0,181.8,--
2026/3/1 4:55,19.0,79,9.5,82,6.6,9.5,2.2,4.3,145,1022.7,1022.7,0,0,0.0,0.0,0.0,3.4,0.0,181.8,--
2026/3/1 4:56,19.0,79,9.5,82,6.6,9.5,4.3,4.3,71,1022.7,1022.7,0,0,0.0,0.0,0.0,3.4,0.0,181.8,--
2026/3/1 4:57,19.0,79,9.5,82,6.6,9.5,3.6,5.0,178,1022.8,1022.8,0,0,0.0,0.0,0.0,3.4,0.0,181.8,--
2026/3/1 4:58,19.0,79,9.5,82,6.6,9.5,4.0,5.4,51,1022.5,1022.5,0,0,0.0,0.0,0.0,3.4,0.0,181.8,--
2026/3/1 4:59,19.0,79,9.5,82,6.6,9.5,0.0,3.2,56,1022.7,1022.7,0,0,0.0,0.0,0.0,3.4,0.0,181.8,--
2026/3/1 5:00,19.0,79,9.5,82,6.6,9.5,3.6,4.0,97,1022.8,1022.8,0,0,0.0,0.0,0.0,3.4,0.0,181.8,--
2026/3/1 5:01,19.0,79,9.5,82,6.6,9.5,3.6,4.0,57,1022.8,1022.8,0,0,0.0,0.0,0.0,3.4,0.0,181.8,--
2026/3/1 5:02,19.1,79,9.5,82,6.6,9.2,5.0,5.4,53,1022.8,1022.8,0,0,0.0,0.0,0.0,3.4,0.0,181.8,--
2026/3/1 5:03,19.0,79,9.4,82,6.5,9.4,3.2,3.6,48,1022.6,1022.6,0,0,0.0,0.0,0.0,3.4,0.0,181.8,--
2026/3/1 5:04,19.0,79,9.4,82,6.5,9.4,3.2,4.3,88,1022.7,1022.7,0,0,0.0,0.0,0.0,3.4,0.0,181.8,--
2026/3/1 5:05,19.0,79,9.4,82,6.5,9.4,4.0,5.4,84,1022.6,1022.6,0,0,0.0,0.0,0.0,3.4,0.0,181.8,--
2026/3/1 5:06,19.0,79,9.4,82,6.5,9.4,4.7,5.8,65,1022.8,1022.8,0,0,0.0,0.0,0.0,3.4,0.0,181.8,--
2026/3/1 5:07,19.1,79,9.4,82,6.5,9.0,5.4,5.8,66,1022.7,1022.7,0,0,0.0,0.0,0.0,3.4,0.0,181.8,--
2026/3/1 5:08,19.1,79,9.5,83,6.7,9.5,3.6,4.3,143,1022.7,1022.7,0,0,0.0,0.0,0.0,3.4,0.0,181.8,--
2026/3/1 5:09,19.0,79,9.4,83,6.6,9.4,4.0,5.0,59,1022.5,1022.5,0,0,0.0,0.0,0.0,3.4,0.0,181.8,--
2026/3/1 5:10,19.0,79,9.4,83,6.6,9.4,2.9,2.9,76,1022.8,1022.8,0,0,0.0,0.0,0.0,3.4,0.0,181.8,--
2026/3/1 5:11,19.0,79,9.4,83,6.6,9.4,4.0,4.0,46,1022.7,1022.7,0,0,0.0,0.0,0.0,3.4,0.0,181.8,--
2026/3/1 5:12,19.0,79,9.4,83,6.6,9.4,2.9,6.1,124,1022.7,1022.7,0,0,0.0,0.0,0.0,3.4,0.0,181.8,--
2026/3/1 5:13,19.0,79,9.4,83,6.6,8.8,5.8,5.8,44,1022.7,1022.7,0,0,0.0,0.0,0.0,3.4,0.0,181.8,--
2026/3/1 5:14,19.0,79,9.4,83,6.6,9.4,4.7,4.7,109,1022.6,1022.6,0,0,0.0,0.0,0.0,3.4,0.0,181.8,--
2026/3/1 5:15,19.0,79,9.4,83,6.6,8.8,5.8,7.6,107,1022.6,1022.6,0,0,0.0,0.0,0.0,3.4,0.0,181.8,--
2026/3/1 5:16,19.1,79,9.4,83,6.6,9.4,3.2,4.0,92,1022.6,1022.6,0,0,0.0,0.0,0.0,3.4,0.0,181.8,--
2026/3/1 5:17,19.0,79,9.4,83,6.6,9.4,4.7,5.4,174,1022.6,1022.6,0,0,0.0,0.0,0.0,3.4,0.0,181.8,--
2026/3/1 5:18,19.0,79,9.4,83,6.6,9.4,3.2,3.6,99,1022.7,1022.7,0,0,0.0,0.0,0.0,3.4,0.0,181.8,--
2026/3/1 5:19,19.0,79,9.4,83,6.6,9.4,0.0,2.9,167,1022.5,1022.5,0,0,0.0,0.0,0.0,3.4,0.0,181.8,--
2026/3/1 5:20,19.0,79,9.4,83,6.6,9.4,0.0,3.2,331,1023.0,1023.0,0,0,0.0,0.0,0.0,3.4,0.0,181.8,--
2026/3/1 5:21,19.1,79,9.4,84,6.8,8.6,6.5,6.5,122,1022.5,1022.5,0,0,0.0,0.0,0.0,3.4,0.0,181.8,--
2026/3/1 5:22,19.0,79,9.4,84,6.8,9.4,0.0,4.7,104,1022.6,1022.6,0,0,0.0,0.0,0.0,3.4,0.0,181.8,--
2026/3/1 5:23,19.0,79,9.4,84,6.8,9.4,1.8,3.6,75,1022.5,1022.5,0,0,0.0,0.0,0.0,3.4,0.0,181.8,--
2026/3/1 5:24,19.0,79,9.4,84,6.8,9.4,1.8,3.2,131,1022.6,1022.6,0,0,0.0,0.0,0.0,3.4,0.0,181.8,--
2026/3/1 5:25,19.0,79,9.4,84,6.8,9.1,5.0,6.8,164,1022.6,1022.6,0,0,0.0,0.0,0.0,3.4,0.0,181.8,--
2026/3/1 5:26,19.1,79,9.4,84,6.8,9.4,1.8,2.2,76,1022.7,1022.7,0,0,0.0,0.0,0.0,3.4,0.0,181.8,--
2026/3/1 5:27,19.0,79,9.4,84,6.8,9.4,3.6,6.8,120,1022.5,1022.5,0,0,0.0,0.0,0.0,3.4,0.0,181.8,--
2026/3/1 5:28,19.1,79,9.4,84,6.8,9.4,1.8,2.2,82,1022.7,1022.7,0,0,0.0,0.0,0.0,3.4,0.0,181.8,--
2026/3/1 5:29,19.1,79,9.3,84,6.7,9.3,0.0,2.2,97,1022.8,1022.8,0,0,0.0,0.0,0.0,3.4,0.0,181.8,--
2026/3/1 5:30,19.1,79,9.3,84,6.7,9.3,2.2,3.2,145,1022.6,1022.6,0,0,0.0,0.0,0.0,3.4,0.0,181.8,--
2026/3/1 5:31,19.1,79,9.3,84,6.7,9.3,4.0,4.7,160,1022.7,1022.7,0,0,0.0,0.0,0.0,3.4,0.0,181.8,--
2026/3/1 5:32,19.1,79,9.3,84,6.7,9.3,3.6,3.6,118,1022.6,1022.6,0,0,0.0,0.0,0.0,3.4,0.0,181.8,--
2026/3/1 5:33,19.1,79,9.3,84,6.7,9.3,2.5,3.2,81,1022.6,1022.6,0,0,0.0,0.0,0.0,3.4,0.0,181.8,--
2026/3/1 5:34,19.1,79,9.3,84,6.7,9.3,3.2,3.2,85,1022.5,1022.5,0,0,0.0,0.0,0.0,3.4,0.0,181.8,--
2026/3/1 5:35,19.0,79,9.2,84,6.6,9.2,4.7,5.4,100,1022.6,1022.6,0,0,0.0,0.0,0.0,3.4,0.0,181.8,--
2026/3/1 5:36,19.1,79,9.3,84,6.7,9.3,3.6,6.1,141,1022.5,1022.5,0,0,0.0,0.0,0.0,3.4,0.0,181.8,--
2026/3/1 5:37,19.0,79,9.3,84,6.7,9.3,4.3,4.3,120,1022.8,1022.8,0,0,0.0,0.0,0.0,3.4,0.0,181.8,--
2026/3/1 5:38,19.0,79,9.2,84,6.6,9.2,0.0,2.9,99,1022.6,1022.6,0,0,0.0,0.0,0.0,3.4,0.0,181.8,--
2026/3/1 5:39,19.1,79,9.2,84,6.6,9.2,2.5,2.9,148,1022.7,1022.7,0,0,0.0,0.0,0.0,3.4,0.0,181.8,--
2026/3/1 5:40,19.1,79,9.2,84,6.6,9.2,4.7,5.8,161,1022.7,1022.7,0,0,0.0,0.0,0.0,3.4,0.0,181.8,--
2026/3/1 5:41,19.1,79,9.2,84,6.6,9.2,3.2,4.3,69,1022.8,1022.8,0,0,0.0,0.0,0.0,3.4,0.0,181.8,--
2026/3/1 5:42,19.1,79,9.2,84,6.6,9.2,4.7,5.0,167,1022.9,1022.9,0,0,0.0,0.0,0.0,3.4,0.0,181.8,--
2026/3/1 5:43,19.0,79,9.3,84,6.7,9.3,4.3,4.3,123,1022.6,1022.6,0,0,0.0,0.0,0.0,3.4,0.0,181.8,--
2026/3/1 5:44,19.0,79,9.3,84,6.7,9.3,4.3,5.4,78,1022.7,1022.7,0,0,0.0,0.0,0.0,3.4,0.0,181.8,--
2026/3/1 5:45,19.0,79,9.3,84,6.7,9.3,4.0,7.9,63,1022.7,1022.7,0,0,0.0,0.0,0.0,3.4,0.0,181.8,--
2026/3/1 5:46,19.0,79,9.3,84,6.7,9.3,2.2,3.2,48,1022.8,1022.8,0,0,0.0,0.0,0.0,3.4,0.0,181.8,--
2026/3/1 5:47,19.0,79,9.3,84,6.7,9.3,0.0,3.2,115,1022.8,1022.8,0,0,0.0,0.0,0.0,3.4,0.0,181.8,--
2026/3/1 5:48,19.1,79,9.3,84,6.7,9.3,0.0,3.2,111,1022.6,1022.6,0,0,0.0,0.0,0.0,3.4,0.0,181.8,--
2026/3/1 5:49,19.1,79,9.3,84,6.7,9.3,4.3,4.7,162,1022.7,1022.7,0,0,0.0,0.0,0.0,3.4,0.0,181.8,--
2026/3/1 5:50,19.0,79,9.3,84,6.7,9.3,2.9,4.0,19,1022.6,1022.6,0,0,0.0,0.0,0.0,3.4,0.0,181.8,--
2026/3/1 5:51,19.0,79,9.3,84,6.7,9.3,2.9,5.4,120,1022.8,1022.8,0,0,0.0,0.0,0.0,3.4,0.0,181.8,--
2026/3/1 5:52,19.0,79,9.3,84,6.7,9.0,5.0,5.0,97,1022.7,1022.7,0,0,0.0,0.0,0.0,3.4,0.0,181.8,--
2026/3/1 5:53,19.0,79,9.3,84,6.7,9.3,0.0,2.9,113,1022.6,1022.6,0,0,0.0,0.0,0.0,3.4,0.0,181.8,--
2026/3/1 5:54,19.0,79,9.3,84,6.7,9.3,2.5,2.9,72,1022.7,1022.7,0,0,0.0,0.0,0.0,3.4,0.0,181.8,--
2026/3/1 5:55,19.0,79,9.3,84,6.7,9.3,2.2,3.6,93,1022.6,1022.6,0,0,0.0,0.0,0.0,3.4,0.0,181.8,--
2026/3/1 5:56,19.0,79,9.3,84,6.7,9.3,2.9,3.2,70,1022.8,1022.8,0,0,0.0,0.0,0.0,3.4,0.0,181.8,--
2026/3/1 5:57,19.0,79,9.2,84,6.6,9.2,2.2,3.2,112,1022.7,1022.7,0,0,0.0,0.0,0.0,3.4,0.0,181.8,--
2026/3/1 5:58,19.0,79,9.2,85,6.8,9.2,2.9,3.6,41,1022.6,1022.6,0,0,0.0,0.0,0.0,3.4,0.0,181.8,--
2026/3/1 5:59,19.0,79,9.2,85,6.8,9.2,3.6,4.0,53,1022.7,1022.7,0,0,0.0,0.0,0.0,3.4,0.0,181.8,--
2026/3/1 6:00,19.0,79,9.2,85,6.8,9.2,4.0,4.7,51,1022.7,1022.7,0,0,0.0,0.0,0.0,3.4,0.0,181.8,--
2026/3/1 6:01,19.0,79,9.2,85,6.8,9.2,2.2,4.0,51,1022.6,1022.6,0,0,0.0,0.0,0.0,3.4,0.0,181.8,--
2026/3/1 6:02,19.0,79,9.3,85,6.9,8.5,6.5,7.9,95,1022.8,1022.8,0,0,0.0,0.0,0.0,3.4,0.0,181.8,--
2026/3/1 6:03,19.0,79,9.3,85,6.9,9.3,3.6,6.1,68,1022.6,1022.6,0,0,0.0,0.0,0.0,3.4,0.0,181.8,--
2026/3/1 6:04,19.0,79,9.3,85,6.9,9.3,0.0,3.6,79,1022.7,1022.7,0,0,0.0,0.0,0.0,3.4,0.0,181.8,--
2026/3/1 6:05,19.0,79,9.2,85,6.8,9.2,1.8,3.6,101,1022.8,1022.8,0,0,0.0,0.0,0.0,3.4,0.0,181.8,--
2026/3/1 6:06,19.0,79,9.2,85,6.8,9.2,3.6,3.6,326,1022.9,1022.9,0,0,0.0,0.0,0.0,3.4,0.0,181.8,--
2026/3/1 6:07,19.0,79,9.2,85,6.8,9.2,3.2,4.3,132,1022.8,1022.8,0,0,0.0,0.0,0.0,3.4,0.0,181.8,--
2026/3/1 6:08,19.0,79,9.3,85,6.9,9.3,2.5,3.6,95,1022.9,1022.9,0,0,0.0,0.0,0.0,3.4,0.0,181.8,--
2026/3/1 6:09,19.0,79,9.2,85,6.8,9.2,2.2,2.2,119,1022.6,1022.6,0,0,0.0,0.0,0.0,3.4,0.0,181.8,--
2026/3/1 6:10,19.0,79,9.2,85,6.8,9.2,4.7,5.0,108,1022.8,1022.8,0,0,0.0,0.0,0.0,3.4,0.0,181.8,--
2026/3/1 6:11,19.0,79,9.2,85,6.8,9.2,3.6,5.4,103,1022.6,1022.6,0,0,0.0,0.0,0.0,3.4,0.0,181.8,--
2026/3/1 6:12,19.0,79,9.2,85,6.8,7.7,9.7,9.7,116,1022.7,1022.7,0,0,0.0,0.0,0.0,3.4,0.0,181.8,--
2026/3/1 6:13,19.0,79,9.3,85,6.9,9.3,0.0,4.7,191,1022.5,1022.5,0,0,0.0,0.0,0.0,3.4,0.0,181.8,--
2026/3/1 6:14,19.0,79,9.3,84,6.7,9.3,3.6,4.3,29,1022.8,1022.8,0,0,0.0,0.0,0.0,3.4,0.0,181.8,--
2026/3/1 6:15,19.0,79,9.3,84,6.7,9.3,4.0,5.0,67,1022.7,1022.7,0,0,0.0,0.0,0.0,3.4,0.0,181.8,--
2026/3/1 6:16,19.0,79,9.3,84,6.7,9.3,3.2,5.4,78,1022.5,1022.5,0,0,0.0,0.0,0.0,3.4,0.0,181.8,--
2026/3/1 6:17,19.0,79,9.4,84,6.8,9.4,2.5,4.0,150,1022.8,1022.8,0,0,0.0,0.0,0.0,3.4,0.0,181.8,--
2026/3/1 6:18,19.0,79,9.4,84,6.8,9.1,5.0,5.8,148,1022.7,1022.7,0,0,0.0,0.0,0.0,3.4,0.0,181.8,--
2026/3/1 6:19,19.0,79,9.4,84,6.8,9.1,5.0,5.0,144,1022.6,1022.6,0,0,0.0,0.0,0.0,3.4,0.0,181.8,--
2026/3/1 6:20,19.0,79,9.4,84,6.8,9.4,3.6,4.0,87,1022.6,1022.6,0,0,0.0,0.0,0.0,3.4,0.0,181.8,--
2026/3/1 6:21,19.0,79,9.4,84,6.8,8.8,6.1,6.1,185,1022.6,1022.6,0,0,0.0,0.0,0.0,3.4,0.0,181.8,--
2026/3/1 6:22,19.0,79,9.4,84,6.8,8.8,5.8,7.6,95,1022.5,1022.5,0,0,0.0,0.0,0.0,3.4,0.0,181.8,--
2026/3/1 6:23,19.0,79,9.5,84,6.9,9.5,4.0,5.4,85,1022.5,1022.5,0,0,0.0,0.0,0.0,3.4,0.0,181.8,--
2026/3/1 6:24,19.0,79,9.5,84,6.9,9.5,3.6,4.0,67,1022.8,1022.8,0,0,0.0,0.0,0.0,3.4,0.0,181.8,--
2026/3/1 6:25,19.1,79,9.4,84,6.8,9.4,4.0,4.0,122,1022.6,1022.6,0,0,0.0,0.0,0.0,3.4,0.0,181.8,--
2026/3/1 6:26,19.0,79,9.5,84,6.9,9.5,2.9,4.3,60,1022.6,1022.6,0,0,0.0,0.0,0.0,3.4,0.0,181.8,--
2026/3/1 6:27,19.1,79,9.4,84,6.8,9.4,2.2,3.2,146,1022.6,1022.6,0,0,0.0,0.0,0.0,3.4,0.0,181.8,--
2026/3/1 6:28,19.0,79,9.5,84,6.9,9.5,0.0,3.6,209,1022.6,1022.6,0,0,0.0,0.0,0.0,3.4,0.0,181.8,--
2026/3/1 6:29,19.1,79,9.5,84,6.9,9.5,3.6,4.0,87,1022.5,1022.5,0,0,0.0,0.0,0.0,3.4,0.0,181.8,--
2026/3/1 6:30,19.0,79,9.5,84,6.9,9.5,4.0,4.7,116,1022.7,1022.7,0,0,0.0,0.0,0.0,3.4,0.0,181.8,--
2026/3/1 6:31,19.0,79,9.5,84,6.9,9.5,2.2,3.6,80,1022.6,1022.6,0,0,0.0,0.0,0.0,3.4,0.0,181.8,--
2026/3/1 6:32,19.0,79,9.4,84,6.8,9.4,2.2,4.7,73,1022.6,1022.6,0,0,0.0,0.0,0.0,3.4,0.0,181.8,--
2026/3/1 6:33,19.0,79,9.4,84,6.8,9.4,4.0,4.0,73,1022.7,1022.7,0,0,0.0,0.0,0.0,3.4,0.0,181.8,--
2026/3/1 6:34,19.0,79,9.4,84,6.8,9.0,5.4,6.1,87,1022.5,1022.5,0,0,0.0,0.0,0.0,3.4,0.0,181.8,--
2026/3/1 6:35,19.0,79,9.4,84,6.8,9.4,1.8,3.2,59,1022.6,1022.6,0,0,0.0,0.0,0.0,3.4,0.0,181.8,--
2026/3/1 6:36,19.0,79,9.4,84,6.8,9.4,2.5,4.0,79,1022.6,1022.6,0,0,0.0,0.0,0.0,3.4,0.0,181.8,--
2026/3/1 6:37,19.0,79,9.4,84,6.8,9.4,4.3,6.5,93,1022.6,1022.6,0,0,0.0,0.0,0.0,3.4,0.0,181.8,--
2026/3/1 6:38,19.0,79,9.5,84,6.9,9.5,4.3,5.4,112,1022.5,1022.5,0,0,0.0,0.0,0.0,3.4,0.0,181.8,--
2026/3/1 6:39,19.0,79,9.5,84,6.9,8.9,6.1,7.9,116,1022.6,1022.6,0,0,0.0,0.0,0.0,3.4,0.0,181.8,--
2026/3/1 6:40,19.0,79,9.5,83,6.7,9.5,2.2,3.2,84,1022.6,1022.6,0,0,0.0,0.0,0.0,3.4,0.0,181.8,--
2026/3/1 6:41,19.0,79,9.5,83,6.7,9.5,2.2,4.0,43,1022.4,1022.4,0,0,0.0,0.0,0.0,3.4,0.0,181.8,--
2026/3/1 6:42,19.0,79,9.5,83,6.7,9.5,2.9,3.6,75,1022.6,1022.6,0,0,0.0,0.0,0.0,3.4,0.0,181.8,--
2026/3/1 6:43,19.0,79,9.5,83,6.7,9.5,3.2,3.6,20,1022.7,1022.7,0,0,0.0,0.0,0.0,3.4,0.0,181.8,--
2026/3/1 6:44,19.0,79,9.5,83,6.7,9.5,3.2,5.8,49,1022.6,1022.6,0,0,0.0,0.0,0.0,3.4,0.0,181.8,--
2026/3/1 6:45,19.0,79,9.5,83,6.7,9.5,0.0,4.0,89,1022.6,1022.6,0,0,0.0,0.0,0.0,3.4,0.0,181.8,--
2026/3/1 6:46,19.0,79,9.5,84,6.9,9.5,4.7,10.4,162,1022.5,1022.5,0,0,0.0,0.0,0.0,3.4,0.0,181.8,--
2026/3/1 6:47,19.0,79,9.5,83,6.7,9.5,3.2,3.6,77,1022.6,1022.6,0,0,0.0,0.0,0.0,3.4,0.0,181.8,--
2026/3/1 6:48,19.0,79,9.5,84,6.9,9.5,3.6,4.7,40,1022.5,1022.5,0,0,0.0,0.0,0.0,3.4,0.0,181.8,--
2026/3/1 6:49,19.0,79,9.5,84,6.9,9.2,5.0,5.8,123,1022.6,1022.6,0,0,0.0,0.0,0.0,3.4,0.0,181.8,--
2026/3/1 6:50,19.0,79,9.5,84,6.9,9.5,2.2,2.5,110,1022.6,1022.6,0,0,0.0,0.0,0.0,3.4,0.0,181.8,--
2026/3/1 6:51,19.0,79,9.5,84,6.9,9.5,2.2,6.5,82,1022.3,1022.3,0,0,0.0,0.0,0.0,3.4,0.0,181.8,--
2026/3/1 6:52,19.0,79,9.5,84,6.9,8.9,6.1,6.1,149,1022.4,1022.4,0,0,0.0,0.0,0.0,3.4,0.0,181.8,--
2026/3/1 6:53,19.0,79,9.6,84,7.0,9.6,2.5,6.1,138,1022.8,1022.8,0,0,0.0,0.0,0.0,3.4,0.0,181.8,--
2026/3/1 6:54,19.0,79,9.6,84,7.0,9.6,3.2,6.5,98,1022.4,1022.4,0,0,0.0,0.0,0.0,3.4,0.0,181.8,--
2026/3/1 6:55,19.0,79,9.6,84,7.0,9.3,5.0,5.0,105,1022.5,1022.5,0,0,0.0,0.0,0.0,3.4,0.0,181.8,--
2026/3/1 6:56,19.0,79,9.6,84,7.0,9.2,5.4,6.1,190,1022.5,1022.5,0,0,0.0,0.0,0.0,3.4,0.0,181.8,--
2026/3/1 6:57,19.0,79,9.6,84,7.0,9.6,3.2,4.7,168,1022.5,1022.5,0,0,0.0,0.0,0.0,3.4,0.0,181.8,--
2026/3/1 6:58,19.0,79,9.5,83,6.7,9.5,2.9,2.9,81,1022.5,1022.5,0,0,0.0,0.0,0.0,3.4,0.0,181.8,--
2026/3/1 6:59,19.0,79,9.5,83,6.7,9.5,2.2,4.0,82,1022.3,1022.3,0,0,0.0,0.0,0.0,3.4,0.0,181.8,--
2026/3/1 7:00,19.0,79,9.5,83,6.7,9.5,3.6,6.5,189,1022.3,1022.3,0,0,0.0,0.0,0.0,3.4,0.0,181.8,--
2026/3/1 7:01,19.0,79,9.4,83,6.6,9.4,4.0,5.4,157,1022.4,1022.4,0,0,0.0,0.0,0.0,3.4,0.0,181.8,--
2026/3/1 7:02,19.0,79,9.4,83,6.6,8.5,6.8,7.6,130,1022.5,1022.5,0,0,0.0,0.0,0.0,3.4,0.0,181.8,--
2026/3/1 7:03,19.0,79,9.5,83,6.7,9.5,3.6,5.4,96,1022.6,1022.6,0,0,0.0,0.0,0.0,3.4,0.0,181.8,--
2026/3/1 7:04,19.0,79,9.5,83,6.7,9.5,3.2,4.0,51,1022.4,1022.4,0,0,0.0,0.0,0.0,3.4,0.0,181.8,--
2026/3/1 7:05,19.0,79,9.5,83,6.7,9.5,2.9,6.1,134,1022.3,1022.3,0,0,0.0,0.0,0.0,3.4,0.0,181.8,--
2026/3/1 7:06,19.0,79,9.5,83,6.7,9.5,0.0,1.8,80,1022.4,1022.4,0,0,0.0,0.0,0.0,3.4,0.0,181.8,--
2026/3/1 7:07,19.0,80,9.4,83,6.6,9.4,2.9,4.0,78,1022.5,1022.5,0,0,0.0,0.0,0.0,3.4,0.0,181.8,--
2026/3/1 7:08,19.0,80,9.4,83,6.6,9.4,2.5,2.9,343,1022.4,1022.4,0,0,0.0,0.0,0.0,3.4,0.0,181.8,--
2026/3/1 7:09,19.0,80,9.4,83,6.6,9.4,2.2,6.5,152,1022.3,1022.3,0,0,0.0,0.0,0.0,3.4,0.0,181.8,--
2026/3/1 7:10,19.0,80,9.4,83,6.6,9.0,5.4,5.8,79,1022.3,1022.3,0,0,0.0,0.0,0.0,3.4,0.0,181.8,--
2026/3/1 7:11,19.0,80,9.4,83,6.6,9.4,4.3,6.8,94,1022.6,1022.6,0,0,0.0,0.0,0.0,3.4,0.0,181.8,--
2026/3/1 7:12,19.0,80,9.4,82,6.5,9.4,4.3,5.8,121,1022.3,1022.3,0,0,0.0,0.0,0.0,3.4,0.0,181.8,--
2026/3/1 7:13,19.0,80,9.5,82,6.6,9.5,4.0,4.7,177,1022.4,1022.4,0,0,0.0,0.0,0.0,3.4,0.0,181.8,--
2026/3/1 7:14,19.0,80,9.5,82,6.6,9.2,5.0,6.1,129,1022.5,1022.5,0,0,0.0,0.0,0.0,3.4,0.0,181.8,--
2026/3/1 7:15,19.0,80,9.6,82,6.7,9.6,2.9,3.2,268,1022.5,1022.5,0,0,0.0,0.0,0.0,3.4,0.0,181.8,--
2026/3/1 7:16,19.0,80,9.6,82,6.7,8.8,6.5,6.5,113,1022.4,1022.4,0,0,0.0,0.0,0.0,3.4,0.0,181.8,--
2026/3/1 7:17,19.0,80,9.6,82,6.7,8.6,7.6,7.9,139,1022.5,1022.5,0,0,0.0,0.0,0.0,3.4,0.0,181.8,--
2026/3/1 7:18,19.0,80,9.6,82,6.7,9.6,2.5,3.2,99,1022.6,1022.6,0,0,0.0,0.0,0.0,3.4,0.0,181.8,--
2026/3/1 7:19,19.0,80,9.6,82,6.7,9.6,2.2,3.6,120,1022.3,1022.3,0,0,0.0,0.0,0.0,3.4,0.0,181.8,--
