T° Extérieure;H% Extérieure;Dew Point;Ressentie;Vent;Rafale;Pression R;Luminosité;UVI;Pluie Heure;Pluie Jour;Semaine;Pluie mois;Pluie Année;Pm2.5;;;
6.9;91;5.6;5.2;9;9;1022.6;0;0;0;0;44;0;162.6;6.6;7;00:00;20250201
6.9;91;5.6;6.9;4.3;5;1022.3;0;0;0;0;44;0;162.6;6.6;6.9;00:01;
6.9;91;5.6;6.9;2.9;5.4;1022.4;0;0;0;0;44;0;162.6;6.6;6.9;00:02;
6.9;91;5.6;6.9;2.2;7.9;1022.3;0;0;0;0;44;0;162.6;6.6;6.9;00:03;
6.9;91;5.6;5.7;6.5;6.5;1022.5;0;0;0;0;44;0;162.6;6.6;6.9;00:04;
7;91;5.7;6.2;5.4;7.6;1022.5;0;0;0;0;44;0;162.6;6.6;6.9;00:05;
7;91;5.7;4.6;12.6;15.5;1022.5;0;0;0;0;44;0;162.6;6.6;6.9;00:06;
7.1;91;5.8;5.2;10.1;11.5;1022.4;0;0;0;0;44;0;162.6;6.6;6.9;00:07;
7.1;91;5.8;6.5;5;11.2;1022.2;0;0;0;0;44;0;162.6;6.6;6.9;00:08;
7.1;91;5.8;5.3;9.4;17.6;1022.5;0;0;0;0;44;0;162.6;6.7;7;00:09;
7.1;91;5.8;6.3;5.4;11.5;1022.5;0;0;0;0;44;0;162.6;6.7;7;00:10;
7.1;91;5.8;4;17.6;19.4;1022.3;0;0;0;0;44;0;162.6;6.8;7;00:11;
7.1;91;5.8;4.6;13;24.8;1022.4;0;0;0;0;44;0;162.6;6.8;7.1;00:12;
7.1;91;5.8;5.4;9;11.2;1022.6;0;0;0;0;44;0;162.6;6.8;7.1;00:13;
7.1;91;5.8;5.2;10.1;10.1;1022.5;0;0;0;0;44;0;162.6;6.9;7.1;00:14;
7.1;91;5.8;5.7;7.6;15.1;1022.5;0;0;0;0;44;0;162.6;6.8;7.1;00:15;
7.1;91;5.8;5.7;7.6;10.8;1022.5;0;0;0;0;44;0;162.6;6.9;7.1;00:16;
7.1;91;5.8;5.7;7.6;11.5;1022.6;0;0;0;0;44;0;162.6;6.9;7.1;00:17;
7;91;5.7;4.5;13.3;22.3;1022.8;0;0;0;0;44;0;162.6;6.9;7.1;00:18;
7;91;5.7;5.2;9.4;12.2;1022.7;0;0;0;0;44;0;162.6;6.9;7.2;00:19;
7;91;5.7;5.4;8.3;21.6;1022.6;0;0;0;0;44;0;162.6;6.9;7.1;00:20;
6.9;91;5.6;4.8;10.4;11.9;1022.8;0;0;0;0;44;0;162.6;6.9;7.1;00:21;
6.9;90;5.4;4.8;10.4;13.7;1022.6;0;0;0;0;44;0;162.6;7;7.1;00:22;
6.9;90;5.4;5;9.4;18.4;1022.7;0;0;0;0;44;0;162.6;6.9;7.1;00:23;
6.9;90;5.4;4.6;11.5;16.9;1022.6;0;0;0;0;44;0;162.6;6.9;7.1;00:24;
6.8;90;5.3;3.6;18;20.5;1022.7;0;0;0;0;44;0;162.6;6.9;7.1;00:25;
6.8;90;5.3;4.9;9.7;11.2;1022.7;0;0;0;0;44;0;162.6;6.9;7.1;00:26;
6.8;90;5.3;5.1;8.6;9.7;1022.6;0;0;0;0;44;0;162.6;6.9;7.1;00:27;
6.8;90;5.3;5.1;8.6;10.8;1022.8;0;0;0;0;44;0;162.6;6.9;7.1;00:28;
6.8;90;5.3;3.9;15.1;15.5;1022.7;0;0;0;0;44;0;162.6;6.8;7;00:29;
6.8;90;5.3;3.5;18.4;19.4;1022.8;0;0;0;0;44;0;162.6;6.8;7;00:30;
6.7;90;5.2;5.9;5.4;14;1022.5;0;0;0;0;44;0;162.6;6.8;7;00:31;
6.7;90;5.2;5.1;8.3;16.9;1022.5;0;0;0;0;44;0;162.6;6.7;7;00:32;
6.7;89;5;4.8;9.7;11.2;1022.5;0;0;0;0;44;0;162.6;6.7;6.9;00:33;
6.7;89;5;4.8;9.7;14;1022.9;0;0;0;0;44;0;162.6;6.7;6.9;00:34;
6.7;89;5;3.8;15.5;21.6;1022.8;0;0;0;0;44;0;162.6;6.7;6.9;00:35;
6.7;89;5;5.7;6.1;11.5;1022.7;0;0;0;0;44;0;162.6;6.6;6.9;00:36;
6.7;89;5;6.7;4;7.6;1022.5;0;0;0;0;44;0;162.6;6.6;6.8;00:37;
6.7;89;5;4.7;10.1;12.6;1022.7;0;0;0;0;44;0;162.6;6.6;6.8;00:38;
6.7;89;5;5.4;6.8;11.2;1022.8;0;0;0;0;44;0;162.6;6.5;6.8;00:39;
6.6;89;4.9;5.1;7.6;15.8;1022.8;0;0;0;0;44;0;162.6;6.5;6.8;00:40;
6.6;89;4.9;4;13.3;16.6;1022.9;0;0;0;0;44;0;162.6;6.5;6.8;00:41;
6.6;89;4.9;4;13.3;16.9;1022.8;0;0;0;0;44;0;162.6;6.5;6.7;00:42;
6.6;89;4.9;3.7;15.1;18;1022.7;0;0;0;0;44;0;162.6;6.5;6.7;00:43;
6.6;89;4.9;4.3;11.2;24.5;1022.8;0;0;0;0;44;0;162.6;6.5;6.7;00:44;
6.6;88;4.7;3.9;13.7;22.3;1022.8;0;0;0;0;44;0;162.6;6.4;6.7;00:45;
6.6;88;4.7;4.2;11.9;13.7;1023;0;0;0;0;44;0;162.6;6.4;6.7;00:46;
6.6;88;4.7;3.5;16.6;20.9;1022.8;0;0;0;0;44;0;162.6;6.4;6.7;00:47;
6.6;88;4.7;3.8;14.8;18;1022.9;0;0;0;0;44;0;162.6;6.4;6.7;00:48;
6.6;88;4.7;4.9;8.6;20.9;1022.8;0;0;0;0;44;0;162.6;6.5;6.7;00:49;
6.6;88;4.7;4.9;8.6;14.8;1022.9;0;0;0;0;44;0;162.6;6.4;6.7;00:50;
6.5;88;4.6;3.6;15.1;18;1022.9;0;0;0;0;44;0;162.6;6.4;6.7;00:51;
6.5;88;4.6;4.2;11.2;16.6;1022.9;0;0;0;0;44;0;162.6;6.5;6.7;00:52;
6.5;88;4.6;4;12.2;20.5;1022.9;0;0;0;0;44;0;162.6;6.5;6.7;00:53;
6.5;88;4.6;5.8;5;11.9;1023;0;0;0;0;44;0;162.6;6.5;6.7;00:54;
6.5;88;4.6;4.9;8.3;11.2;1022.8;0;0;0;0;44;0;162.6;6.5;6.7;00:55;
6.5;88;4.6;4.1;11.9;22.3;1023;0;0;0;0;44;0;162.6;6.5;6.7;00:56;
6.5;88;4.6;3.5;15.8;22;1023;0;0;0;0;44;0;162.6;6.5;6.7;00:57;
6.4;87;4.4;5.7;5;21.2;1022.9;0;0;0;0;44;0;162.6;6.5;6.7;00:58;
6.5;87;4.5;6.5;3.6;11.5;1023.1;0;0;0;0;44;0;162.6;6.5;6.7;00:59;
6.5;87;4.5;4.7;9;12.2;1023;0;0;0;0;44;0;162.6;6.5;6.7;01:00;
6.5;87;4.5;3.7;14;18.4;1022.7;0;0;0;0;44;0;162.6;6.5;6.7;01:01;
6.5;87;4.5;4;12.6;27;1022.9;0;0;0;0;44;0;162.6;6.5;6.7;01:02;
6.5;87;4.5;4;12.6;19.8;1022.8;0;0;0;0;44;0;162.6;6.5;6.6;01:03;
6.5;87;4.5;3.2;18;24.8;1022.7;0;0;0;0;44;0;162.6;6.5;6.7;01:04;
6.5;87;4.5;5.1;7.2;14.4;1022.8;0;0;0;0;44;0;162.6;6.5;6.7;01:05;
6.5;87;4.5;5.1;7.2;14;1022.8;0;0;0;0;44;0;162.6;6.5;6.7;01:06;
6.5;87;4.5;4.6;9.4;11.2;1022.8;0;0;0;0;44;0;162.6;6.5;6.7;01:07;
6.5;87;4.5;4.3;10.8;12.6;1022.6;0;0;0;0;44;0;162.6;6.5;6.7;01:08;
6.5;87;4.5;4;12.6;13.7;1022.7;0;0;0;0;44;0;162.6;6.6;6.6;01:09;
6.4;87;4.4;3.5;14.4;18.7;1022.7;0;0;0;0;44;0;162.6;6.5;6.6;01:10;
6.4;87;4.4;3.8;12.6;21.6;1022.6;0;0;0;0;44;0;162.6;6.5;6.7;01:11;
6.4;87;4.4;4.4;10.1;14.8;1022.6;0;0;0;0;44;0;162.6;6.5;6.6;01:12;
6.4;87;4.4;5;7.2;16.2;1022.6;0;0;0;0;44;0;162.6;6.5;6.6;01:13;
6.5;87;4.5;4.6;9.4;17.3;1022.7;0;0;0;0;44;0;162.6;6.5;6.6;01:14;
6.5;87;4.5;4.7;8.6;12.6;1022.7;0;0;0;0;44;0;162.6;6.5;6.6;01:15;
6.5;87;4.5;4.5;9.7;14.4;1022.8;0;0;0;0;44;0;162.6;6.6;6.7;01:16;
6.5;87;4.5;4.6;9.4;15.8;1022.8;0;0;0;0;44;0;162.6;6.5;6.6;01:17;
6.4;87;4.4;4.6;8.6;12.6;1022.6;0;0;0;0;44;0;162.6;6.5;6.6;01:18;
6.4;87;4.4;2.9;19.4;19.4;1022.9;0;0;0;0;44;0;162.6;6.5;6.7;01:19;
6.4;87;4.4;5.4;5.8;12.2;1022.7;0;0;0;0;44;0;162.6;6.5;6.6;01:20;
6.4;86;4.3;3.5;14.4;25.9;1022.8;0;0;0;0;44;0;162.6;6.5;6.6;01:21;
6.5;86;4.4;6.5;2.2;11.2;1022.7;0;0;0;0;44;0;162.6;6.5;6.6;01:22;
6.5;86;4.4;4.5;10.1;10.8;1022.6;0;0;0;0;44;0;162.6;6.5;6.6;01:23;
6.5;87;4.5;5.4;6.1;11.9;1022.9;0;0;0;0;44;0;162.6;6.5;6.6;01:24;
6.5;87;4.5;5.5;5.8;12.2;1022.6;0;0;0;0;44;0;162.6;6.5;6.7;01:25;
6.5;87;4.5;4.2;11.2;15.5;1022.9;0;0;0;0;44;0;162.6;6.5;6.6;01:26;
6.4;87;4.4;4.4;10.1;11.5;1022.7;0;0;0;0;44;0;162.6;6.5;6.6;01:27;
6.4;87;4.4;5.7;5;12.2;1022.4;0;0;0;0;44;0;162.6;6.5;6.6;01:28;
6.4;87;4.4;5;7.2;13.3;1022.5;0;0;0;0;44;0;162.6;6.5;6.6;01:29;
6.4;87;4.4;6.4;4.7;10.8;1022.6;0;0;0;0;44;0;162.6;6.5;6.6;01:30;
6.4;87;4.4;4.8;7.9;17.3;1022.6;0;0;0;0;44;0;162.6;6.5;6.6;01:31;
6.4;87;4.4;4;11.5;19.1;1022.5;0;0;0;0;44;0;162.6;6.5;6.6;01:32;
6.4;87;4.4;3.3;16.2;18.4;1022.6;0;0;0;0;44;0;162.6;6.5;6.6;01:33;
6.4;87;4.4;4.7;8.3;13;1022.8;0;0;0;0;44;0;162.6;6.5;6.6;01:34;
6.4;87;4.4;3.8;13;20.9;1022.6;0;0;0;0;44;0;162.6;6.5;6.6;01:35;
6.4;87;4.4;4.2;10.8;19.4;1022.7;0;0;0;0;44;0;162.6;6.5;6.6;01:36;
6.5;87;4.5;2.9;20.2;21.2;1022.4;0;0;0;0;44;0;162.6;6.5;6.6;01:37;
6.5;87;4.5;4.1;11.9;16.9;1022.8;0;0;0;0;44;0;162.6;6.5;6.6;01:38;
6.5;87;4.5;4.5;9.7;14.4;1022.7;0;0;0;0;44;0;162.6;6.5;6.6;01:39;
6.5;87;4.5;3.7;14.4;20.5;1022.5;0;0;0;0;44;0;162.6;6.5;6.6;01:40;
6.5;86;4.4;5.2;6.8;15.8;1022.7;0;0;0;0;44;0;162.6;6.5;6.6;01:41;
6.5;86;4.4;4.2;11.5;17.6;1022.7;0;0;0;0;44;0;162.6;6.5;6.6;01:42;
6.5;86;4.4;4.7;8.6;14;1022.6;0;0;0;0;44;0;162.6;6.5;6.6;01:43;
6.5;85;4.2;4.2;11.5;16.6;1022.6;0;0;0;0;44;0;162.6;6.5;6.7;01:44;
6.5;85;4.2;4;12.2;22.3;1022.5;0;0;0;0;44;0;162.6;6.5;6.7;01:45;
6.5;85;4.2;3.8;13.7;18.7;1022.7;0;0;0;0;44;0;162.6;6.5;6.6;01:46;
6.5;85;4.2;3.7;14;16.9;1022.7;0;0;0;0;44;0;162.6;6.4;6.6;01:47;
6.5;85;4.2;5;7.6;10.4;1022.7;0;0;0;0;44;0;162.6;6.4;6.6;01:48;
6.5;86;4.4;5.4;6.1;10.4;1022.7;0;0;0;0;44;0;162.6;6.4;6.6;01:49;
6.4;86;4.3;3.8;12.6;16.9;1022.7;0;0;0;0;44;0;162.6;6.4;6.6;01:50;
6.4;86;4.3;3.5;14.4;19.4;1022.7;0;0;0;0;44;0;162.6;6.3;6.5;01:51;
6.4;86;4.3;4.4;10.1;17.3;1022.6;0;0;0;0;44;0;162.6;6.3;6.5;01:52;
6.3;85;4;4.2;10.1;19.4;1022.6;0;0;0;0;44;0;162.6;6.2;6.4;01:53;
6.3;85;4;4.2;10.1;13.3;1022.7;0;0;0;0;44;0;162.6;6.1;6.4;01:54;
6.3;85;4;3.7;12.6;15.1;1022.3;0;0;0;0;44;0;162.6;6;6.4;01:55;
6.2;86;4.1;3.6;12.6;18;1022.5;0;0;0;0;44;0;162.6;5.9;6.3;01:56;
6.2;86;4.1;4.1;10.1;11.5;1022.4;0;0;0;0;44;0;162.6;5.9;6.3;01:57;
6.1;86;4;3.2;14.4;16.2;1022.4;0;0;0;0;44;0;162.6;5.8;6.2;01:58;
6.1;86;4;4;10.1;13;1022.4;0;0;0;0;44;0;162.6;5.8;6.2;01:59;
6.1;86;4;4.4;7.9;11.5;1022.3;0;0;0;0;44;0;162.6;5.7;6.1;02:00;
6;86;3.9;4.7;6.5;12.2;1022.6;0;0;0;0;44;0;162.6;5.6;6.1;02:01;
6;86;3.9;4.9;6.1;14.4;1022.3;0;0;0;0;44;0;162.6;5.6;6.1;02:02;
6;86;3.9;4.1;8.6;10.1;1022.4;0;0;0;0;44;0;162.6;5.5;6;02:03;
5.9;86;3.8;5.9;4.3;10.4;1022.2;0;0;0;0;44;0;162.6;5.5;5.9;02:04;
5.9;87;3.9;3.6;10.4;10.4;1022.3;0;0;0;0;44;0;162.6;5.4;5.9;02:05;
5.8;87;3.8;4.2;7.6;8.3;1022.2;0;0;0;0;44;0;162.6;5.4;5.9;02:06;
5.8;87;3.8;5.8;4.7;6.5;1022.3;0;0;0;0;44;0;162.6;5.3;5.8;02:07;
5.7;87;3.7;2.8;14;16.6;1022.4;0;0;0;0;44;0;162.6;5.2;5.8;02:08;
5.7;87;3.7;3.6;9.7;10.4;1022.3;0;0;0;0;44;0;162.6;5.2;5.7;02:09;
5.7;87;3.7;4.6;5.8;13;1022.2;0;0;0;0;44;0;162.6;5.1;5.7;02:10;
5.7;87;3.7;2.7;14.4;15.8;1022.3;0;0;0;0;44;0;162.6;5.1;5.7;02:11;
5.7;87;3.7;3.6;9.7;13;1022.5;0;0;0;0;44;0;162.6;5.1;5.6;02:12;
5.7;87;3.7;4.9;5;9.7;1022.2;0;0;0;0;44;0;162.6;5;5.6;02:13;
5.7;87;3.7;4.5;6.1;11.2;1022.2;0;0;0;0;44;0;162.6;5;5.5;02:14;
5.6;87;3.6;3.8;8.3;9;1022.2;0;0;0;0;44;0;162.6;4.9;5.5;02:15;
5.6;87;3.6;3.7;8.6;9.7;1022.4;0;0;0;0;44;0;162.6;4.9;5.5;02:16;
5.6;87;3.6;4;7.2;8.6;1022.4;0;0;0;0;44;0;162.6;4.9;5.5;02:17;
5.5;88;3.6;3.7;7.9;10.8;1022.2;0;0;0;0;44;0;162.6;4.9;5.4;02:18;
5.5;88;3.6;5.5;2.2;6.8;1022.3;0;0;0;0;44;0;162.6;4.8;5.4;02:19;
5.4;88;3.5;4;6.5;9;1022.4;0;0;0;0;44;0;162.6;4.8;5.4;02:20;
5.4;88;3.5;4;6.5;7.2;1022.3;0;0;0;0;44;0;162.6;4.7;5.3;02:21;
5.3;88;3.4;3.6;7.6;11.5;1022.4;0;0;0;0;44;0;162.6;4.7;5.3;02:22;
5.3;88;3.4;3.3;9;10.1;1022.3;0;0;0;0;44;0;162.6;4.7;5.2;02:23;
5.3;88;3.4;3.9;6.5;8.6;1022.3;0;0;0;0;44;0;162.6;4.6;5.2;02:24;
5.3;88;3.4;5.3;0;4;1022.2;0;0;0;0;44;0;162.6;4.6;5.2;02:25;
5.2;88;3.3;4.3;5;6.8;1022.3;0;0;0;0;44;0;162.6;4.5;5.1;02:26;
5.2;88;3.3;5.2;4;5.8;1022.4;0;0;0;0;44;0;162.6;4.5;5.1;02:27;
5.2;88;3.3;3.6;7.2;10.8;1022.4;0;0;0;0;44;0;162.6;4.5;5.1;02:28;
5.2;88;3.3;4.2;5.4;11.2;1022.4;0;0;0;0;44;0;162.6;4.5;5;02:29;
5.2;88;3.3;3;9.7;10.4;1022.4;0;0;0;0;44;0;162.6;4.4;5;02:30;
5.2;88;3.3;2.9;10.1;10.1;1022.1;0;0;0;0;44;0;162.6;4.4;5;02:31;
5.1;89;3.4;3;9;10.4;1022.3;0;0;0;0;44;0;162.6;4.4;5;02:32;
5.1;89;3.4;2.8;10.1;10.8;1022.4;0;0;0;0;44;0;162.6;4.4;4.9;02:33;
5.1;89;3.4;3.8;6.1;9.7;1022.2;0;0;0;0;44;0;162.6;4.3;4.9;02:34;
5.1;89;3.4;3.1;8.6;8.6;1022.2;0;0;0;0;44;0;162.6;4.3;4.9;02:35;
5;89;3.3;5;4.7;7.2;1022.5;0;0;0;0;44;0;162.6;4.3;4.9;02:36;
5;89;3.3;5;4.3;7.9;1022.3;0;0;0;0;44;0;162.6;4.3;4.8;02:37;
5;89;3.3;2.5;10.8;11.9;1022.3;0;0;0;0;44;0;162.6;4.2;4.8;02:38;
5;89;3.3;5;3.2;7.9;1022.2;0;0;0;0;44;0;162.6;4.2;4.8;02:39;
5;89;3.3;4.1;5;5;1022.2;0;0;0;0;44;0;162.6;4.2;4.8;02:40;
4.9;89;3.2;2.2;11.5;13.3;1022.4;0;0;0;0;44;0;162.6;4.2;4.7;02:41;
4.9;89;3.2;3.8;5.4;7.9;1022.1;0;0;0;0;44;0;162.6;4.1;4.7;02:42;
4.9;89;3.2;2.4;10.4;11.2;1022.2;0;0;0;0;44;0;162.6;4.1;4.7;02:43;
4.9;89;3.2;4.9;4.3;7.2;1022.3;0;0;0;0;44;0;162.6;4.1;4.7;02:44;
4.9;89;3.2;4.9;4.3;9;1022.3;0;0;0;0;44;0;162.6;4.1;4.6;02:45;
4.9;89;3.2;3.7;5.8;9.7;1022.4;0;0;0;0;44;0;162.6;4;4.6;02:46;
4.9;89;3.2;2.3;11.2;14.8;1022.5;0;0;0;0;44;0;162.6;4;4.6;02:47;
4.9;89;3.2;3.2;7.2;8.3;1022.4;0;0;0;0;44;0;162.6;4;4.6;02:48;
4.9;89;3.2;3.6;6.1;9;1022.2;0;0;0;0;44;0;162.6;4;4.6;02:49;
4.9;89;3.2;3.3;6.8;12.2;1022.3;0;0;0;0;44;0;162.6;4;4.6;02:50;
4.9;89;3.2;3.4;6.5;7.2;1022.3;0;0;0;0;44;0;162.6;4;4.6;02:51;
4.9;89;3.2;3.1;7.6;10.8;1022.2;0;0;0;0;44;0;162.6;4;4.5;02:52;
4.9;89;3.2;3.6;6.1;9;1022.4;0;0;0;0;44;0;162.6;4;4.5;02:53;
4.9;89;3.2;3.1;7.6;9.4;1022.3;0;0;0;0;44;0;162.6;4;4.5;02:54;
4.9;89;3.2;3.4;6.5;8.6;1022.2;0;0;0;0;44;0;162.6;3.9;4.5;02:55;
4.9;89;3.2;1.8;14;14.4;1022;0;0;0;0;44;0;162.6;3.9;4.5;02:56;
4.9;89;3.2;3.4;6.5;11.9;1022.3;0;0;0;0;44;0;162.6;4;4.5;02:57;
4.9;89;3.2;2.8;8.6;11.5;1022.3;0;0;0;0;44;0;162.6;3.9;4.5;02:58;
4.9;89;3.2;3.6;6.1;6.8;1022.4;0;0;0;0;44;0;162.6;3.9;4.5;02:59;
4.9;89;3.2;3.6;6.1;9.7;1022.2;0;0;0;0;44;0;162.6;3.9;4.5;03:00;
4.9;89;3.2;3.2;7.2;9.4;1022.2;0;0;0;0;44;0;162.6;3.9;4.5;03:01;
4.9;89;3.2;3.7;5.8;7.9;1022.4;0;0;0;0;44;0;162.6;3.9;4.5;03:02;
4.9;89;3.2;3.3;6.8;7.9;1022.4;0;0;0;0;44;0;162.6;3.9;4.5;03:03;
4.8;89;3.1;3.9;5;6.1;1022.4;0;0;0;0;44;0;162.6;3.9;4.5;03:04;
4.8;89;3.1;3.9;5;8.6;1022.3;0;0;0;0;44;0;162.6;3.9;4.5;03:05;
4.8;89;3.1;3.3;6.5;8.6;1022.5;0;0;0;0;44;0;162.6;3.9;4.4;03:06;
4.8;89;3.1;1.8;13.3;13.7;1022.5;0;0;0;0;44;0;162.6;3.9;4.4;03:07;
4.8;89;3.1;3.1;7.2;9;1022.5;0;0;0;0;44;0;162.6;3.8;4.4;03:08;
4.8;89;3.1;3.1;7.2;11.5;1022.4;0;0;0;0;44;0;162.6;3.8;4.4;03:09;
4.8;89;3.1;2.9;7.9;10.8;1022.7;0;0;0;0;44;0;162.6;3.8;4.4;03:10;
4.8;89;3.1;2.5;10.1;10.1;1022.4;0;0;0;0;44;0;162.6;3.8;4.4;03:11;
4.8;89;3.1;4.8;4.3;7.6;1022.5;0;0;0;0;44;0;162.6;3.8;4.4;03:12;
4.8;89;3.1;2.5;10.1;12.6;1022.5;0;0;0;0;44;0;162.6;3.8;4.4;03:13;
4.8;89;3.1;2.5;9.7;11.2;1022.6;0;0;0;0;44;0;162.6;3.8;4.3;03:14;
4.8;89;3.1;3.2;6.8;8.6;1022.6;0;0;0;0;44;0;162.6;3.8;4.4;03:15;
4.8;89;3.1;4.8;4.3;10.4;1022.6;0;0;0;0;44;0;162.6;3.8;4.3;03:16;
4.8;89;3.1;2.2;11.2;13.3;1022.6;0;0;0;0;44;0;162.6;3.8;4.3;03:17;
4.8;89;3.1;3;7.6;8.6;1022.7;0;0;0;0;44;0;162.6;3.8;4.4;03:18;
4.8;89;3.1;2.9;7.9;8.3;1022.6;0;0;0;0;44;0;162.6;3.8;4.4;03:19;
4.8;89;3.1;3.5;6.1;10.8;1022.7;0;0;0;0;44;0;162.6;3.8;4.3;03:20;
4.8;89;3.1;2.9;7.9;7.9;1022.8;0;0;0;0;44;0;162.6;3.8;4.3;03:21;
4.7;90;3.2;3.4;5.8;8.3;1023;0;0;0;0;44;0;162.6;3.8;4.3;03:22;
4.8;90;3.3;4.8;3.6;6.8;1022.7;0;0;0;0;44;0;162.6;3.8;4.3;03:23;
4.8;90;3.3;1.8;13;15.5;1022.7;0;0;0;0;44;0;162.6;3.8;4.4;03:24;
4.8;90;3.3;3.7;5.4;8.3;1022.9;0;0;0;0;44;0;162.6;3.8;4.4;03:25;
4.8;90;3.3;4.8;4.7;7.6;1022.8;0;0;0;0;44;0;162.6;3.9;4.4;03:26;
4.9;90;3.4;1.9;13.3;14.4;1022.8;0;0;0;0;44;0;162.6;3.9;4.4;03:27;
5;90;3.5;5;4.3;9.4;1022.6;0;0;0;0;44;0;162.6;4;4.5;03:28;
5;90;3.5;5;3.6;5.4;1022.6;0;0;0;0;44;0;162.6;4;4.6;03:29;
5;90;3.5;3.7;6.1;7.2;1022.7;0;0;0;0;44;0;162.6;4.1;4.6;03:30;
5;90;3.5;3.7;6.1;14;1022.6;0;0;0;0;44;0;162.6;4.2;4.6;03:31;
5;90;3.5;3.8;5.8;10.4;1022.9;0;0;0;0;44;0;162.6;4.2;4.7;03:32;
5.1;90;3.6;5.1;4.7;10.1;1022.8;0;0;0;0;44;0;162.6;4.3;4.7;03:33;
5.1;90;3.6;5.1;4.7;6.1;1022.8;0;0;0;0;44;0;162.6;4.3;4.8;03:34;
5.1;90;3.6;3.6;6.8;13.3;1022.9;0;0;0;0;44;0;162.6;4.4;4.8;03:35;
5.1;90;3.6;2.6;10.8;17.3;1022.7;0;0;0;0;44;0;162.6;4.4;4.8;03:36;
5.2;90;3.7;3;9.4;9.4;1022.9;0;0;0;0;44;0;162.6;4.5;4.8;03:37;
5.2;90;3.7;3.2;8.6;15.5;1022.8;0;0;0;0;44;0;162.6;4.5;4.8;03:38;
5.2;89;3.5;3.6;7.2;9;1022.8;0;0;0;0;44;0;162.6;4.5;4.9;03:39;
5.2;89;3.5;3.5;7.6;11.2;1022.9;0;0;0;0;44;0;162.6;4.5;4.9;03:40;
5.2;89;3.5;3;9.4;11.2;1022.8;0;0;0;0;44;0;162.6;4.5;4.9;03:41;
5.2;89;3.5;3.6;7.2;9.4;1022.9;0;0;0;0;44;0;162.6;4.5;4.9;03:42;
5.2;89;3.5;3.7;6.8;9;1022.8;0;0;0;0;44;0;162.6;4.5;4.9;03:43;
5.2;89;3.5;3;9.7;11.5;1022.9;0;0;0;0;44;0;162.6;4.5;4.8;03:44;
5.1;89;3.4;2.7;10.4;10.4;1023.1;0;0;0;0;44;0;162.6;4.4;4.8;03:45;
5.1;89;3.4;3.1;8.6;15.5;1023;0;0;0;0;44;0;162.6;4.4;4.8;03:46;
5.1;89;3.4;5.1;3.6;12.6;1022.9;0;0;0;0;44;0;162.6;4.4;4.8;03:47;
5.1;89;3.4;3.9;5.8;15.8;1023.1;0;0;0;0;44;0;162.6;4.4;4.8;03:48;
5.1;90;3.6;2.7;10.4;14;1022.9;0;0;0;0;44;0;162.6;4.4;4.8;03:49;
5.1;89;3.4;3.1;8.6;8.6;1022.8;0;0;0;0;44;0;162.6;4.4;4.8;03:50;
5.1;90;3.6;5.1;3.2;15.5;1022.9;0;0;0;0;44;0;162.6;4.4;4.8;03:51;
5.1;89;3.4;3.6;6.8;10.8;1022.9;0;0;0;0;44;0;162.6;4.4;4.8;03:52;
5.1;89;3.4;1.9;14.4;20.5;1022.7;0;0;0;0;44;0;162.6;4.4;4.9;03:53;
5.1;89;3.4;2.9;9.7;14.8;1022.9;0;0;0;0;44;0;162.6;4.4;4.9;03:54;
5.2;89;3.5;2.9;10.1;13.7;1023.1;0;0;0;0;44;0;162.6;4.5;4.9;03:55;
5.2;89;3.5;3.2;9;19.1;1023;0;0;0;0;44;0;162.6;4.5;4.9;03:56;
5.2;89;3.5;2.5;11.9;19.4;1022.9;0;0;0;0;44;0;162.6;4.5;4.9;03:57;
5.2;89;3.5;2.4;12.2;14.8;1022.9;0;0;0;0;44;0;162.6;4.6;5;03:58;
5.2;89;3.5;3;9.7;11.2;1022.8;0;0;0;0;44;0;162.6;4.7;5;03:59;
5.2;89;3.5;2.4;12.2;16.9;1022.9;0;0;0;0;44;0;162.6;4.7;5;04:00;
5.2;89;3.5;3;9.4;11.9;1022.9;0;0;0;0;44;0;162.6;4.7;5.1;04:01;
5.3;89;3.6;3.8;6.8;10.4;1023.1;0;0;0;0;44;0;162.6;4.7;5.1;04:02;
5.2;89;3.5;3.9;6.1;9.4;1022.7;0;0;0;0;44;0;162.6;4.7;5.1;04:03;
5.3;89;3.6;3.1;9.4;9.4;1022.8;0;0;0;0;44;0;162.6;4.8;5.1;04:04;
5.3;89;3.6;3.9;6.5;11.9;1022.9;0;0;0;0;44;0;162.6;4.8;5.1;04:05;
5.3;89;3.6;2.8;10.8;15.5;1022.7;0;0;0;0;44;0;162.6;4.8;5.2;04:06;
5.3;89;3.6;2.4;13.3;18;1023.2;0;0;0;0;44;0;162.6;4.8;5.2;04:07;
5.3;89;3.6;2.4;13.3;18;1022.7;0;0;0;0;44;0;162.6;4.8;5.2;04:08;
5.3;89;3.6;4.3;5.4;14.8;1022.9;0;0;0;0;44;0;162.6;4.9;5.2;04:09;
5.3;89;3.6;2.8;11.2;13.3;1022.9;0;0;0;0;44;0;162.6;4.9;5.2;04:10;
5.3;89;3.6;3.3;9;13.7;1023.1;0;0;0;0;44;0;162.6;4.9;5.2;04:11;
5.3;89;3.6;3.1;9.4;15.5;1022.7;0;0;0;0;44;0;162.6;4.9;5.2;04:12;
5.3;89;3.6;2.8;10.8;18.4;1022.9;0;0;0;0;44;0;162.6;4.9;5.2;04:13;
5.3;89;3.6;1.8;16.9;21.2;1022.9;0;0;0;0;44;0;162.6;5;5.3;04:14;
5.3;89;3.6;2.6;11.9;15.5;1022.9;0;0;0;0;44;0;162.6;5;5.3;04:15;
5.3;89;3.6;2.3;14;17.3;1022.8;0;0;0;0;44;0;162.6;5;5.3;04:16;
5.3;89;3.6;2.2;14.4;18.4;1022.9;0;0;0;0;44;0;162.6;5;5.3;04:17;
5.3;89;3.6;1.9;16.6;16.9;1023;0;0;0;0;44;0;162.6;5;5.3;04:18;
5.3;89;3.6;1.9;16.2;17.3;1023;0;0;0;0;44;0;162.6;5.1;5.3;04:19;
5.3;89;3.6;2.8;11.2;12.6;1022.9;0;0;0;0;44;0;162.6;5.1;5.3;04:20;
5.3;89;3.6;2;15.8;16.6;1022.9;0;0;0;0;44;0;162.6;5.1;5.4;04:21;
5.4;88;3.5;2.5;13.7;14.4;1023;0;0;0;0;44;0;162.6;5.1;5.3;04:22;
5.4;88;3.5;3.2;10.1;13;1022.9;0;0;0;0;44;0;162.6;5.1;5.4;04:23;
5.4;88;3.5;3.8;7.2;12.2;1022.9;0;0;0;0;44;0;162.6;5.1;5.4;04:24;
5.4;88;3.5;3.4;9;10.8;1022.8;0;0;0;0;44;0;162.6;5.1;5.4;04:25;
5.4;88;3.5;3.3;9.4;9.4;1022.9;0;0;0;0;44;0;162.6;5.1;5.4;04:26;
5.4;88;3.5;3.4;9;9.4;1022.8;0;0;0;0;44;0;162.6;5.1;5.4;04:27;
5.3;88;3.4;3.3;8.6;9;1023;0;0;0;0;44;0;162.6;5.1;5.4;04:28;
5.3;88;3.4;3.3;8.6;10.8;1022.7;0;0;0;0;44;0;162.6;5.1;5.4;04:29;
5.3;88;3.4;2.5;12.6;16.2;1022.8;0;0;0;0;44;0;162.6;5.1;5.4;04:30;
5.3;88;3.4;3.1;9.4;12.2;1022.8;0;0;0;0;44;0;162.6;5.1;5.4;04:31;
5.3;88;3.4;2.1;15.5;19.1;1023;0;0;0;0;44;0;162.6;5.1;5.4;04:32;
5.3;88;3.4;3.4;8.3;9.4;1023;0;0;0;0;44;0;162.6;5.1;5.3;04:33;
5.3;88;3.4;5.3;4.7;11.2;1022.8;0;0;0;0;44;0;162.6;5;5.3;04:34;
5.3;88;3.4;5.3;4.3;13;1023;0;0;0;0;44;0;162.6;5;5.3;04:35;
5.2;88;3.3;2.4;12.2;14.8;1022.8;0;0;0;0;44;0;162.6;5;5.3;04:36;
5.2;88;3.3;3.6;7.2;12.6;1023;0;0;0;0;44;0;162.6;5;5.3;04:37;
5.2;88;3.3;2.3;13.3;15.8;1022.8;0;0;0;0;44;0;162.6;4.9;5.3;04:38;
5.2;88;3.3;2.9;10.1;12.6;1022.9;0;0;0;0;44;0;162.6;5;5.3;04:39;
5.2;88;3.3;2.4;12.2;15.8;1023;0;0;0;0;44;0;162.6;5;5.3;04:40;
5.2;88;3.3;3.3;8.3;11.9;1022.9;0;0;0;0;44;0;162.6;4.9;5.2;04:41;
5.2;88;3.3;3.8;6.5;11.5;1022.8;0;0;0;0;44;0;162.6;4.9;5.2;04:42;
5.2;88;3.3;5.2;4.7;10.8;1022.9;0;0;0;0;44;0;162.6;4.9;5.2;04:43;
5.2;88;3.3;5.2;4.7;6.1;1023;0;0;0;0;44;0;162.6;4.9;5.2;04:44;
5.2;88;3.3;5.2;4.3;8.3;1022.8;0;0;0;0;44;0;162.6;4.9;5.2;04:45;
5.2;88;3.3;5.2;4.7;10.8;1022.9;0;0;0;0;44;0;162.6;4.9;5.2;04:46;
5.2;88;3.3;3.3;7.9;10.1;1023;0;0;0;0;44;0;162.6;4.8;5.1;04:47;
5.1;88;3.2;3.6;6.8;9.4;1023.1;0;0;0;0;44;0;162.6;4.8;5.1;04:48;
5.1;88;3.2;4.2;5;11.9;1023;0;0;0;0;44;0;162.6;4.8;5.1;04:49;
5.1;88;3.2;2.7;10.4;12.2;1023.3;0;0;0;0;44;0;162.6;4.8;5.1;04:50;
5.1;88;3.2;2.5;11.5;12.2;1023.2;0;0;0;0;44;0;162.6;4.8;5.1;04:51;
5.1;88;3.2;3.2;8.3;10.8;1023;0;0;0;0;44;0;162.6;4.8;5.1;04:52;
5.1;89;3.4;2.2;13.3;13.7;1023.4;0;0;0;0;44;0;162.6;4.8;5.1;04:53;
5;89;3.3;2.5;10.8;12.6;1023.2;0;0;0;0;44;0;162.6;4.8;5.1;04:54;
5;89;3.3;2.8;9.4;11.2;1023.1;0;0;0;0;44;0;162.6;4.7;5.1;04:55;
5;89;3.3;3.2;7.6;13;1023.3;0;0;0;0;44;0;162.6;4.8;5.1;04:56;
5;89;3.3;3.1;8.3;12.6;1023.1;0;0;0;0;44;0;162.6;4.7;5;04:57;
5;89;3.3;5;3.6;8.3;1023.2;0;0;0;0;44;0;162.6;4.7;5;04:58;
4.9;89;3.2;2.8;8.6;12.2;1023.2;0;0;0;0;44;0;162.6;4.7;5;04:59;
4.9;89;3.2;1.9;13;13.3;1023.2;0;0;0;0;44;0;162.6;4.7;5;05:00;
4.9;89;3.2;3.7;5.8;13.7;1023.3;0;0;0;0;44;0;162.6;4.7;5;05:01;
4.9;89;3.2;3;8.3;9.4;1023;0;0;0;0;44;0;162.6;4.6;5;05:02;
4.9;89;3.2;4.9;3.2;9;1023.3;0;0;0;0;44;0;162.6;4.6;5;05:03;
4.9;89;3.2;3.7;5.8;9.4;1023.2;0;0;0;0;44;0;162.6;4.7;5;05:04;
4.9;89;3.2;3.2;7.2;11.5;1023.2;0;0;0;0;44;0;162.6;4.6;4.9;05:05;
4.9;89;3.2;2.7;9.4;13.7;1023.1;0;0;0;0;44;0;162.6;4.6;4.9;05:06;
4.9;89;3.2;4.9;4;8.6;1023.2;0;0;0;0;44;0;162.6;4.6;4.9;05:07;
4.9;89;3.2;3.8;5.4;5.8;1023.1;0;0;0;0;44;0;162.6;4.6;4.9;05:08;
4.9;89;3.2;2.4;10.8;18.4;1023.2;0;0;0;0;44;0;162.6;4.6;4.9;05:09;
4.9;89;3.2;2.7;9.4;10.8;1023.3;0;0;0;0;44;0;162.6;4.6;5;05:10;
4.9;89;3.2;2.3;11.2;14;1023.3;0;0;0;0;44;0;162.6;4.6;4.9;05:11;
4.9;89;3.2;3.6;6.1;9;1023.2;0;0;0;0;44;0;162.6;4.6;4.9;05:12;
4.9;89;3.2;3.4;6.5;7.9;1023.2;0;0;0;0;44;0;162.6;4.6;4.9;05:13;
4.9;89;3.2;3.3;6.8;10.4;1023.2;0;0;0;0;44;0;162.6;4.6;4.9;05:14;
4.8;89;3.1;2.9;8.3;11.5;1023;0;0;0;0;44;0;162.6;4.6;4.9;05:15;
4.8;89;3.1;3.1;7.2;11.2;1023.2;0;0;0;0;44;0;162.6;4.6;4.9;05:16;
4.8;89;3.1;2.2;11.2;25.2;1023.1;0;0;0;0;44;0;162.6;4.6;4.9;05:17;
4.8;89;3.1;3;7.6;7.6;1023.2;0;0;0;0;44;0;162.6;4.6;4.9;05:18;
4.8;89;3.1;4.8;4;8.6;1023.3;0;0;0;0;44;0;162.6;4.5;4.8;05:19;
4.8;89;3.1;2.9;7.9;11.2;1023.1;0;0;0;0;44;0;162.6;4.5;4.8;05:20;
4.8;89;3.1;3.3;6.5;6.8;1023.3;0;0;0;0;44;0;162.6;4.5;4.8;05:21;
4.8;89;3.1;3.2;6.8;9;1023.3;0;0;0;0;44;0;162.6;4.5;4.8;05:22;
4.7;89;3;1.7;13.3;16.9;1023.2;0;0;0;0;44;0;162.6;4.4;4.8;05:23;
4.7;89;3;2.1;10.8;16.2;1023.1;0;0;0;0;44;0;162.6;4.4;4.8;05:24;
4.7;89;3;2.4;9.7;9.7;1023.4;0;0;0;0;44;0;162.6;4.3;4.7;05:25;
4.7;89;3;2.3;10.1;11.9;1023.1;0;0;0;0;44;0;162.6;4.3;4.7;05:26;
4.7;89;3;1.8;12.2;13.3;1023.3;0;0;0;0;44;0;162.6;4.3;4.7;05:27;
4.6;89;2.9;2.6;7.9;7.9;1023.2;0;0;0;0;44;0;162.6;4.3;4.6;05:28;
4.6;89;2.9;2.8;7.6;11.5;1023.4;0;0;0;0;44;0;162.6;4.2;4.6;05:29;
4.6;89;2.9;2.5;8.6;12.6;1023.4;0;0;0;0;44;0;162.6;4.2;4.6;05:30;
4.6;89;2.9;3.1;6.5;9;1023.2;0;0;0;0;44;0;162.6;4.2;4.5;05:31;
4.5;89;2.8;1.9;10.4;11.5;1023.2;0;0;0;0;44;0;162.6;4.1;4.5;05:32;
4.5;89;2.8;3;6.5;10.4;1023.2;0;0;0;0;44;0;162.6;4.1;4.5;05:33;
4.5;89;2.8;2.8;7.2;8.3;1023.4;0;0;0;0;44;0;162.6;4.1;4.5;05:34;
4.5;89;2.8;1.8;11.2;15.1;1023.4;0;0;0;0;44;0;162.6;4.1;4.5;05:35;
4.5;89;2.8;3;6.5;11.9;1023.1;0;0;0;0;44;0;162.6;4.1;4.5;05:36;
4.5;89;2.8;1;15.8;21.2;1023.3;0;0;0;0;44;0;162.6;4.1;4.5;05:37;
4.6;89;2.9;2.9;7.2;10.1;1023.3;0;0;0;0;44;0;162.6;4.1;4.5;05:38;
4.6;89;2.9;2.3;9.4;13;1023.2;0;0;0;0;44;0;162.6;4.1;4.5;05:39;
4.6;89;2.9;1.8;11.9;14.4;1023.5;0;0;0;0;44;0;162.6;4.2;4.5;05:40;
4.6;89;2.9;1.8;11.9;17.3;1023.2;0;0;0;0;44;0;162.6;4.2;4.5;05:41;
4.6;89;2.9;3;6.8;11.9;1023.4;0;0;0;0;44;0;162.6;4.2;4.5;05:42;
4.6;89;2.9;2.6;7.9;10.4;1023.2;0;0;0;0;44;0;162.6;4.3;4.5;05:43;
4.6;89;2.9;4.6;4.7;11.2;1023.4;0;0;0;0;44;0;162.6;4.3;4.6;05:44;
4.6;89;2.9;3.6;5;8.3;1023.4;0;0;0;0;44;0;162.6;4.3;4.6;05:45;
4.6;89;2.9;2.6;8.3;11.9;1023.3;0;0;0;0;44;0;162.6;4.3;4.6;05:46;
4.6;89;2.9;2.3;9.7;10.4;1023.4;0;0;0;0;44;0;162.6;4.3;4.6;05:47;
4.7;89;3;2;11.5;16.2;1023.6;0;0;0;0;44;0;162.6;4.4;4.6;05:48;
4.7;89;3;2.2;10.4;11.9;1023.3;0;0;0;0;44;0;162.6;4.4;4.7;05:49;
4.7;89;3;2.4;9.7;15.5;1023.4;0;0;0;0;44;0;162.6;4.4;4.7;05:50;
4.7;89;3;2.9;7.6;8.3;1023.3;0;0;0;0;44;0;162.6;4.5;4.7;05:51;
4.7;89;3;1.8;12.6;15.1;1023.5;0;0;0;0;44;0;162.6;4.5;4.7;05:52;
4.7;89;3;2.9;7.6;11.5;1023.4;0;0;0;0;44;0;162.6;4.5;4.7;05:53;
4.7;89;3;2.1;11.2;13.3;1023.4;0;0;0;0;44;0;162.6;4.5;4.7;05:54;
4.7;88;2.8;1.8;12.6;21.2;1023.4;0;0;0;0;44;0;162.6;4.5;4.8;05:55;
4.7;88;2.8;2.9;7.6;13;1023.4;0;0;0;0;44;0;162.6;4.5;4.8;05:56;
4.7;88;2.8;3.6;5.4;9.4;1023.2;0;0;0;0;44;0;162.6;4.5;4.8;05:57;
4.7;88;2.8;3.7;5;20.5;1023.4;0;0;0;0;44;0;162.6;4.6;4.8;05:58;
4.7;88;2.8;1.8;12.6;17.3;1023;0;0;0;0;44;0;162.6;4.5;4.8;05:59;
4.7;88;2.8;3.2;6.5;10.8;1023.3;0;0;0;0;44;0;162.6;4.5;4.8;06:00;
4.7;88;2.8;1.9;11.9;13.7;1023.4;0;0;0;0;44;0;162.6;4.5;4.8;06:01;
4.6;88;2.7;1.7;12.2;15.8;1023.3;0;0;0;0;44;0;162.6;4.5;4.7;06:02;
4.6;88;2.7;0.9;17.3;18;1023.3;0;0;0;0;44;0;162.6;4.4;4.7;06:03;
4.5;88;2.6;2.6;7.6;8.3;1023.3;0;0;0;0;44;0;162.6;4.4;4.6;06:04;
4.5;88;2.6;2.5;8.3;8.3;1023.6;0;0;0;0;44;0;162.6;4.3;4.6;06:05;
4.5;88;2.6;4.5;3.6;11.9;1023.5;0;0;0;0;44;0;162.6;4.3;4.5;06:06;
4.5;89;2.8;2.4;8.6;8.6;1023.5;0;0;0;0;44;0;162.6;4.2;4.5;06:07;
4.4;89;2.7;2.4;7.9;14;1023.4;0;0;0;0;44;0;162.6;4.2;4.5;06:08;
4.4;89;2.7;1.8;10.4;14.4;1023.4;0;0;0;0;44;0;162.6;4.2;4.5;06:09;
4.4;89;2.7;1.6;11.5;15.5;1023.7;0;0;0;0;44;0;162.6;4.2;4.5;06:10;
4.4;89;2.7;4.4;4.3;6.1;1023.6;0;0;0;0;44;0;162.6;4.2;4.5;06:11;
4.4;89;2.7;1.7;11.2;14.4;1023.5;0;0;0;0;44;0;162.6;4.2;4.5;06:12;
4.5;89;2.8;2.1;10.1;10.1;1023.6;0;0;0;0;44;0;162.6;4.2;4.5;06:13;
4.4;89;2.7;2.7;6.8;6.8;1023.5;0;0;0;0;44;0;162.6;4.3;4.5;06:14;
4.4;89;2.7;4.4;3.6;14;1023.7;0;0;0;0;44;0;162.6;4.3;4.5;06:15;
4.5;89;2.8;3;6.5;13.3;1023.5;0;0;0;0;44;0;162.6;4.3;4.6;06:16;
4.5;89;2.8;1.9;10.8;11.9;1023.7;0;0;0;0;44;0;162.6;4.3;4.6;06:17;
4.5;89;2.8;1.7;11.5;13.7;1023.6;0;0;0;0;44;0;162.6;4.3;4.6;06:18;
4.5;89;2.8;2.3;9;14;1023.6;0;0;0;0;44;0;162.6;4.3;4.6;06:19;
4.5;89;2.8;2.8;7.2;10.4;1023.5;0;0;0;0;44;0;162.6;4.4;4.6;06:20;
4.5;89;2.8;1.7;11.5;13.3;1023.5;0;0;0;0;44;0;162.6;4.4;4.6;06:21;
4.5;89;2.8;0.8;17.3;20.9;1023.5;0;0;0;0;44;0;162.6;4.4;4.6;06:22;
4.6;89;2.9;2.1;10.4;19.1;1023.6;0;0;0;0;44;0;162.6;4.4;4.6;06:23;
4.6;89;2.9;2.9;7.2;7.6;1023.5;0;0;0;0;44;0;162.6;4.4;4.6;06:24;
4.6;89;2.9;2.5;9;9.7;1023.3;0;0;0;0;44;0;162.6;4.4;4.6;06:25;
4.6;89;2.9;2.6;8.3;9.4;1023.7;0;0;0;0;44;0;162.6;4.5;4.7;06:26;
4.6;89;2.9;2.5;8.6;9.7;1023.4;0;0;0;0;44;0;162.6;4.5;4.7;06:27;
4.6;89;2.9;1.4;14;22.3;1023.7;0;0;0;0;44;0;162.6;4.5;4.7;06:28;
4.6;89;2.9;0.6;19.4;25.2;1023.7;0;0;0;0;44;0;162.6;4.5;4.7;06:29;
4.6;89;2.9;0.6;19.8;24.1;1023.6;0;0;0;0;44;0;162.6;4.5;4.7;06:30;
4.6;89;2.9;3.6;5;15.5;1023.7;0;0;0;0;44;0;162.6;4.5;4.7;06:31;
4.6;89;2.9;1.3;14.8;16.6;1023.7;0;0;0;0;44;0;162.6;4.5;4.7;06:32;
4.6;89;2.9;2.6;7.9;13;1023.6;0;0;0;0;44;0;162.6;4.5;4.7;06:33;
4.6;89;2.9;3.5;5.4;13.3;1023.6;0;0;0;0;44;0;162.6;4.5;4.7;06:34;
4.6;89;2.9;2.8;7.6;12.6;1023.7;0;0;0;0;44;0;162.6;4.6;4.7;06:35;
4.6;89;2.9;0.9;16.9;17.3;1023.6;0;0;0;0;44;0;162.6;4.6;4.7;06:36;
4.6;89;2.9;4.6;4.7;7.9;1023.7;0;0;0;0;44;0;162.6;4.6;4.8;06:37;
4.6;89;2.9;1.9;11.2;15.1;1023.7;0;0;0;0;44;0;162.6;4.6;4.8;06:38;
4.6;89;2.9;3;6.8;8.6;1023.7;0;0;0;0;44;0;162.6;4.6;4.7;06:39;
4.6;89;2.9;2.6;7.9;11.9;1023.9;0;0;0;0;44;0;162.6;4.6;4.8;06:40;
4.6;89;2.9;1.9;11.5;17.3;1023.9;0;0;0;0;44;0;162.6;4.6;4.8;06:41;
4.6;89;2.9;2.6;8.3;14.4;1023.6;0;0;0;0;44;0;162.6;4.6;4.8;06:42;
4.6;89;2.9;2;10.8;21.6;1023.4;0;0;0;0;44;0;162.6;4.6;4.8;06:43;
4.6;89;2.9;2.6;7.9;14.4;1023.5;0;0;0;0;44;0;162.6;4.6;4.8;06:44;
4.6;89;2.9;3.3;5.8;7.2;1023.6;0;0;0;0;44;0;162.6;4.6;4.8;06:45;
4.6;89;2.9;3.5;5.4;10.4;1023.8;0;0;0;0;44;0;162.6;4.6;4.8;06:46;
4.6;89;2.9;3.6;5;9;1023.5;0;0;0;0;44;0;162.6;4.7;4.8;06:47;
4.6;89;2.9;4.6;4.7;10.1;1023.6;0;0;0;0;44;0;162.6;4.6;4.8;06:48;
4.6;89;2.9;3.3;5.8;6.8;1024;0;0;0;0;44;0;162.6;4.7;4.8;06:49;
4.6;89;2.9;2.6;8.3;10.4;1023.7;0;0;0;0;44;0;162.6;4.7;4.8;06:50;
4.6;89;2.9;4.6;4.7;9.7;1023.7;0;0;0;0;44;0;162.6;4.7;4.8;06:51;
4.6;89;2.9;2.8;7.6;7.6;1023.9;0;0;0;0;44;0;162.6;4.7;4.8;06:52;
4.6;89;2.9;3;6.8;8.6;1023.5;0;0;0;0;44;0;162.6;4.7;4.8;06:53;
4.6;89;2.9;3;6.8;9.7;1023.9;0;0;0;0;44;0;162.6;4.7;4.8;06:54;
4.6;89;2.9;2.8;7.6;13.3;1023.8;0;0;0;0;44;0;162.6;4.7;4.8;06:55;
4.6;89;2.9;2.2;10.1;14.4;1023.9;0;0;0;0;44;0;162.6;4.7;4.8;06:56;
4.6;89;2.9;1.7;12.2;19.4;1023.8;0;0;0;0;44;0;162.6;4.7;4.8;06:57;
4.6;89;2.9;3.3;5.8;6.1;1023.8;0;0;0;0;44;0;162.6;4.7;4.8;06:58;
4.6;89;2.9;2;10.8;12.6;1024;0;0;0;0;44;0;162.6;4.7;4.8;06:59;
4.6;89;2.9;2.1;10.4;14.8;1023.8;0;0;0;0;44;0;162.6;4.7;4.8;07:00;
4.6;89;2.9;2.6;7.9;16.6;1023.8;0;0;0;0;44;0;162.6;4.7;4.8;07:01;
4.6;89;2.9;3.2;6.1;8.3;1023.8;0;0;0;0;44;0;162.6;4.7;4.8;07:02;
4.6;89;2.9;2.6;7.9;9.7;1023.8;0;0;0;0;44;0;162.6;4.7;4.8;07:03;
4.6;89;2.9;3;6.8;10.1;1023.9;0;0;0;0;44;0;162.6;4.7;4.8;07:04;
4.6;89;2.9;2.6;8.3;11.2;1023.9;0;0;0;0;44;0;162.6;4.7;4.8;07:05;
4.6;89;2.9;4.6;4;13;1024.1;0;0;0;0;44;0;162.6;4.7;4.8;07:06;
4.6;89;2.9;2.2;10.1;13.3;1023.9;0;0;0;0;44;0;162.6;4.7;4.8;07:07;
4.6;89;2.9;2.1;10.4;11.5;1023.9;0;0;0;0;44;0;162.6;4.7;4.8;07:08;
4.6;89;2.9;3.3;5.8;9.4;1024;0;0;0;0;44;0;162.6;4.7;4.8;07:09;
4.6;89;2.9;3.6;5;6.8;1024;0;0;0;0;44;0;162.6;4.7;4.8;07:10;
4.6;89;2.9;2.5;9;9.4;1024.2;0;0;0;0;44;0;162.6;4.7;4.8;07:11;
4.6;89;2.9;3.6;5;8.6;1024.3;0;0;0;0;44;0;162.6;4.7;4.8;07:12;
4.6;88;2.7;3;6.8;14.8;1024.1;0;0;0;0;44;0;162.6;4.7;4.8;07:13;
4.6;89;2.9;4.6;4.3;9.4;1024.1;0;0;0;0;44;0;162.6;4.7;4.8;07:14;
4.6;89;2.9;2.2;10.1;12.2;1024.1;0;0;0;0;44;0;162.6;4.7;4.8;07:15;
4.6;88;2.7;2.5;8.6;14;1024.1;0;0;0;0;44;0;162.6;4.7;4.8;07:16;
4.6;88;2.7;3.2;6.1;9;1024;0;0;0;0;44;0;162.6;4.7;4.8;07:17;
4.6;88;2.7;2.8;7.6;10.1;1024.1;0;0;0;0;44;0;162.6;4.7;4.8;07:18;
4.6;88;2.7;2.1;10.4;13;1024.2;0;0;0;0;44;0;162.6;4.7;4.8;07:19;
4.5;88;2.6;3.4;5.4;7.9;1024.2;0;0;0;0;44;0;162.6;4.7;4.8;07:20;
4.5;88;2.6;2.6;7.6;11.2;1024.2;0;0;0;0;44;0;162.6;4.7;4.8;07:21;
4.5;88;2.6;3.4;5.4;8.3;1024.2;0;0;0;0;44;0;162.6;4.7;4.8;07:22;
4.5;88;2.6;2.5;8.3;12.2;1024.4;0;0;0;0;44;0;162.6;4.7;4.8;07:23;
4.5;88;2.6;3;6.5;10.8;1024.2;0;0;0;0;44;0;162.6;4.7;4.8;07:24;
4.5;88;2.6;2.3;9;18.4;1024.3;0;0;0;0;44;0;162.6;4.7;4.8;07:25;
4.5;88;2.6;2.6;7.6;7.9;1024.3;0;0;0;0;44;0;162.6;4.7;4.8;07:26;
4.5;88;2.6;3.2;5.8;10.4;1024.3;0;0;0;0;44;0;162.6;4.7;4.8;07:27;
4.5;88;2.6;3.4;5.4;7.2;1024.3;0;0;0;0;44;0;162.6;4.7;4.8;07:28;
4.5;88;2.6;1;15.8;17.6;1024.3;0;0;0;0;44;0;162.6;4.7;4.8;07:29;
4.5;88;2.6;1.1;15.1;16.9;1024.4;0;0;0;0;44;0;162.6;4.7;4.8;07:30;
4.5;88;2.6;1.1;15.1;15.5;1024.5;0;0;0;0;44;0;162.6;4.7;4.8;07:31;
4.5;88;2.6;3.5;5;9.7;1024.3;0;0;0;0;44;0;162.6;4.7;4.8;07:32;
4.5;88;2.6;2.1;9.7;17.6;1024.3;0;0;0;0;44;0;162.6;4.7;4.8;07:33;
4.5;88;2.6;2.5;7.9;10.8;1024.1;0;0;0;0;44;0;162.6;4.7;4.8;07:34;
4.5;88;2.6;3.5;5;8.3;1024.5;0;0;0;0;44;0;162.6;4.7;4.8;07:35;
4.5;88;2.6;2.6;7.6;9.4;1024.4;0;0;0;0;44;0;162.6;4.7;4.8;07:36;
4.5;88;2.6;2.6;7.6;11.5;1024.2;0;0;0;0;44;0;162.6;4.7;4.8;07:37;
4.5;88;2.6;4.5;4.7;8.3;1024.4;0;0;0;0;44;0;162.6;4.6;4.8;07:38;
4.5;88;2.6;2.1;9.7;12.6;1024.5;0;0;0;0;44;0;162.6;4.7;4.8;07:39;
4.4;88;2.5;2.3;8.6;11.2;1024.4;0;0;0;0;44;0;162.6;4.7;4.8;07:40;
4.4;88;2.5;3.1;5.8;16.2;1024.3;0;0;0;0;44;0;162.6;4.7;4.7;07:41;
4.4;88;2.5;2;9.7;14.4;1024.3;0;0;0;0;44;0;162.6;4.6;4.7;07:42;
4.5;88;2.6;2.9;6.8;8.6;1024.5;0;0;0;0;44;0;162.6;4.6;4.7;07:43;
4.4;88;2.5;3.3;5.4;10.4;1024.4;0;0;0;0;44;0;162.6;4.6;4.7;07:44;
4.4;88;2.5;3.3;5.4;9.7;1024.4;0;0;0;0;44;0;162.6;4.6;4.7;07:45;
4.4;88;2.5;2.2;9;9;1024.4;0;0;0;0;44;0;162.6;4.6;4.7;07:46;
4.4;88;2.5;1.8;10.4;11.9;1024.6;0;0;0;0;44;0;162.6;4.6;4.7;07:47;
4.4;88;2.5;4.4;2.2;10.8;1024.7;0;0;0;0;44;0;162.6;4.6;4.7;07:48;
4.4;88;2.5;2.2;9;13;1024.7;0;0;0;0;44;0;162.6;4.6;4.7;07:49;
4.4;88;2.5;1.6;11.5;14;1024.6;0;0;0;0;44;0;162.6;4.6;4.7;07:50;
4.4;88;2.5;3.1;5.8;7.9;1024.7;0;0;0;0;44;0;162.6;4.6;4.7;07:51;
4.4;88;2.5;2.6;7.2;9.4;1024.7;0;0;0;0;44;0;162.6;4.6;4.7;07:52;
4.4;88;2.5;2.7;6.8;9;1024.7;0;0;0;0;44;0;162.6;4.6;4.7;07:53;
4.4;88;2.5;2.5;7.6;14.8;1024.6;0;0;0;0;44;0;162.6;4.6;4.7;07:54;
4.4;88;2.5;1.6;11.9;12.2;1024.6;0;0;0;0;44;0;162.6;4.6;4.7;07:55;
4.4;88;2.5;1.3;13;14.4;1024.4;0;0;0;0;44;0;162.6;4.6;4.7;07:56;
4.4;88;2.5;4.4;3.6;7.9;1024.6;0;0;0;0;44;0;162.6;4.6;4.7;07:57;
4.4;88;2.5;2.4;8.3;13.7;1024.9;0;0;0;0;44;0;162.6;4.6;4.7;07:58;
4.4;88;2.5;1.6;11.5;14.8;1024.8;0;0;0;0;44;0;162.6;4.6;4.7;07:59;
4.4;88;2.5;2.1;9.4;9.4;1024.7;0;0;0;0;44;0;162.6;4.6;4.7;08:00;
4.4;88;2.5;2.4;8.3;10.1;1024.7;0;0;0;0;44;0;162.6;4.6;4.7;08:01;
4.4;88;2.5;2.1;9.4;11.2;1024.7;0;0;0;0;44;0;162.6;4.6;4.7;08:02;
4.4;88;2.5;2.7;6.8;9.4;1024.8;0;0;0;0;44;0;162.6;4.6;4.7;08:03;
4.4;88;2.5;2.4;7.9;10.4;1024.6;0;0;0;0;44;0;162.6;4.6;4.7;08:04;
4.4;88;2.5;2.7;6.8;9;1024.6;0;0;0;0;44;0;162.6;4.6;4.7;08:05;
4.4;88;2.5;2;9.7;11.5;1024.7;0;0;0;0;44;0;162.6;4.6;4.6;08:06;
4.4;88;2.5;2.6;7.2;16.2;1024.5;0;0;0;0;44;0;162.6;4.6;4.6;08:07;
4.4;88;2.5;3.4;5;8.6;1024.7;0;0;0;0;44;0;162.6;4.6;4.6;08:08;
4.4;88;2.5;2;9.7;10.8;1024.8;10;0;0;0;44;0;162.6;4.5;4.6;08:09;
4.4;88;2.5;4.4;2.5;10.1;1024.9;10;0;0;0;44;0;162.6;4.6;4.6;08:10;
4.4;88;2.5;1.4;12.6;13.7;1024.9;10;0;0;0;44;0;162.6;4.6;4.6;08:11;
4.4;88;2.5;2.7;6.8;16.2;1024.8;10;0;0;0;44;0;162.6;4.6;4.6;08:12;
4.4;88;2.5;1.7;11.2;11.2;1024.8;20;0;0;0;44;0;162.6;4.6;4.7;08:13;
4.4;88;2.5;3;6.1;7.6;1024.8;20;0;0;0;44;0;162.6;4.6;4.7;08:14;
4.4;88;2.5;2.2;9;11.2;1024.9;30;0;0;0;44;0;162.6;4.6;4.7;08:15;
4.3;88;2.4;4.3;4.3;7.6;1024.7;30;0;0;0;44;0;162.6;4.5;4.6;08:16;
4.4;88;2.5;4.4;4;6.8;1024.9;40;0;0;0;44;0;162.6;4.6;4.6;08:17;
4.4;88;2.5;4.4;2.9;6.5;1024.8;50;0;0;0;44;0;162.6;4.6;4.6;08:18;
4.4;88;2.5;1.8;10.4;14;1024.9;60;0;0;0;44;0;162.6;4.6;4.6;08:19;
4.3;88;2.4;2.1;9;11.2;1024.8;70;0;0;0;44;0;162.6;4.6;4.6;08:20;
4.3;88;2.4;4.3;4.7;8.3;1024.9;80;0;0;0;44;0;162.6;4.5;4.6;08:21;
4.4;88;2.5;4.4;2.5;4.7;1024.9;80;0;0;0;44;0;162.6;4.5;4.6;08:22;
4.4;88;2.5;4.4;4;6.8;1025;90;0;0;0;44;0;162.6;4.5;4.6;08:23;
4.4;88;2.5;2.4;7.9;9.4;1025;100;0;0;0;44;0;162.6;4.5;4.6;08:24;
4.3;88;2.4;3.3;5;6.1;1025.1;110;0;0;0;44;0;162.6;4.6;4.6;08:25;
4.4;88;2.5;4.4;4.3;4.3;1024.8;120;0;0;0;44;0;162.6;4.5;4.6;08:26;
4.3;88;2.4;2.6;6.8;9.4;1025;140;0;0;0;44;0;162.6;4.5;4.6;08:27;
4.3;88;2.4;4.3;3.2;8.3;1024.8;160;0;0;0;44;0;162.6;4.5;4.6;08:28;
4.3;88;2.4;2.7;6.5;8.3;1024.9;180;0;0;0;44;0;162.6;4.5;4.6;08:29;
4.3;88;2.4;2.7;6.5;6.8;1025;190;0;0;0;44;0;162.6;4.5;4.6;08:30;
4.3;88;2.4;2.6;6.8;7.9;1024.9;220;0;0;0;44;0;162.6;4.6;4.6;08:31;
4.3;88;2.4;2.1;8.6;10.1;1024.9;260;0;0;0;44;0;162.6;4.5;4.6;08:32;
4.3;88;2.4;2.6;6.8;12.6;1024.9;280;0;0;0;44;0;162.6;4.5;4.6;08:33;
4.3;88;2.4;2.6;6.8;9.7;1024.9;310;0;0;0;44;0;162.6;4.5;4.6;08:34;
4.4;88;2.5;2.6;7.2;7.6;1025;340;0;0;0;44;0;162.6;4.5;4.6;08:35;
4.3;88;2.4;4.3;3.2;10.4;1025.2;350;0;0;0;44;0;162.6;4.6;4.6;08:36;
4.3;88;2.4;2;9.4;9.4;1024.9;380;0;0;0;44;0;162.6;4.5;4.6;08:37;
4.4;88;2.5;2.4;7.9;9.4;1025;420;0;0;0;44;0;162.6;4.5;4.6;08:38;
4.3;88;2.4;2.4;7.6;9.4;1025.1;450;0;0;0;44;0;162.6;4.6;4.6;08:39;
4.3;88;2.4;2.5;7.2;11.2;1025;490;0;0;0;44;0;162.6;4.6;4.6;08:40;
4.3;88;2.4;2.6;6.8;10.1;1024.9;500;0;0;0;44;0;162.6;4.6;4.6;08:41;
4.3;88;2.4;2.5;7.2;7.6;1024.9;540;0;0;0;44;0;162.6;4.6;4.6;08:42;
4.4;88;2.5;3.1;5.8;7.6;1024.9;630;0;0;0;44;0;162.6;4.6;4.6;08:43;
4.3;88;2.4;2.1;8.6;11.2;1025.2;710;0;0;0;44;0;162.6;4.6;4.6;08:44;
4.3;88;2.4;2.6;6.8;8.6;1025.1;750;0;0;0;44;0;162.6;4.6;4.6;08:45;
4.4;88;2.5;2.6;7.2;8.6;1025.1;790;0;0;0;44;0;162.6;4.6;4.6;08:46;
4.4;88;2.5;4.4;1.8;5.4;1025;840;0;0;0;44;0;162.6;4.6;4.6;08:47;
4.4;88;2.5;2.8;6.5;13.3;1025.2;860;0;0;0;44;0;162.6;4.6;4.6;08:48;
4.4;88;2.5;3.4;5;6.1;1025;890;0;0;0;44;0;162.6;4.6;4.6;08:49;
4.4;88;2.5;4.4;4;6.5;1025.2;880;0;0;0;44;0;162.6;4.6;4.6;08:50;
4.4;88;2.5;4.4;3.2;8.6;1025;890;0;0;0;44;0;162.6;4.6;4.7;08:51;
4.4;88;2.5;4.4;4.3;6.5;1025.1;1040;0;0;0;44;0;162.6;4.6;4.7;08:52;
4.4;88;2.5;2.4;7.9;7.9;1025.2;1050;0;0;0;44;0;162.6;4.7;4.7;08:53;
4.4;88;2.5;4.4;4.3;8.6;1025;1100;0;0;0;44;0;162.6;4.7;4.7;08:54;
4.4;88;2.5;4.4;4.3;6.1;1024.9;1150;0;0;0;44;0;162.6;4.7;4.7;08:55;
4.4;88;2.5;2.6;7.2;7.9;1025;1230;0;0;0;44;0;162.6;4.7;4.7;08:56;
4.4;88;2.5;3.4;5;7.9;1025.1;1310;0;0;0;44;0;162.6;4.7;4.7;08:57;
4.4;88;2.5;3.4;5;6.5;1024.9;1350;0;0;0;44;0;162.6;4.7;4.7;08:58;
4.4;88;2.5;3.4;5;6.8;1025.2;1370;0;0;0;44;0;162.6;4.7;4.7;08:59;
4.4;88;2.5;2.5;7.6;9;1025.1;1450;0;0;0;44;0;162.6;4.7;4.7;09:00;
4.4;88;2.5;1.5;12.2;17.6;1024.8;1500;0;0;0;44;0;162.6;4.7;4.7;09:01;
4.4;88;2.5;3;6.1;8.6;1025.1;1550;0;0;0;44;0;162.6;4.7;4.7;09:02;
4.4;88;2.5;2.8;6.5;9.4;1025.1;1630;0;0;0;44;0;162.6;4.7;4.7;09:03;
4.4;88;2.5;2.4;7.9;9;1025;1690;0;0;0;44;0;162.6;4.8;4.8;09:04;
4.4;88;2.5;2.7;6.8;7.9;1025.2;1780;0;0;0;44;0;162.6;4.8;4.8;09:05;
4.4;88;2.5;4.4;3.2;7.6;1025.3;1820;0;0;0;44;0;162.6;4.8;4.8;09:06;
4.4;88;2.5;2.3;8.6;8.6;1025.2;1900;0;0;0;44;0;162.6;4.8;4.8;09:07;
4.4;88;2.5;2.2;9;10.8;1025;2020;0;0;0;44;0;162.6;4.8;4.8;09:08;
4.4;88;2.5;2.5;7.6;10.4;1025.2;2100;0;0;0;44;0;162.6;4.8;4.8;09:09;
4.4;88;2.5;1.6;11.5;13.3;1025.3;2180;0;0;0;44;0;162.6;4.8;4.8;09:10;
4.4;88;2.5;3.1;5.8;10.4;1025.3;2140;0;0;0;44;0;162.6;4.9;4.8;09:11;
4.4;88;2.5;2;10.1;10.1;1025.2;2200;0;0;0;44;0;162.6;4.9;4.8;09:12;
4.4;88;2.5;2.4;7.9;11.5;1025.2;2250;0;0;0;44;0;162.6;4.9;4.9;09:13;
4.4;88;2.5;2.5;7.6;9.7;1025.4;2280;0;0;0;44;0;162.6;4.9;4.9;09:14;
4.4;88;2.5;4.4;4.3;12.6;1025.3;2270;0;0;0;44;0;162.6;4.9;4.9;09:15;
4.4;88;2.5;2.3;8.6;10.8;1025.1;2350;0;0;0;44;0;162.6;4.9;4.9;09:16;
4.4;88;2.5;2.1;9.4;12.6;1025.2;2470;0;0;0;44;0;162.6;5;4.9;09:17;
4.4;88;2.5;1.7;11.2;16.2;1025.2;2440;0;0;0;44;0;162.6;5;4.9;09:18;
4.4;88;2.5;4.4;4.3;9.7;1025;2490;0;0;0;44;0;162.6;5;4.9;09:19;
4.4;87;2.4;3;6.1;7.2;1025.3;2540;0;0;0;44;0;162.6;5;5;09:20;
4.5;87;2.5;2.1;9.7;14;1025.3;2610;0;0;0;44;0;162.6;5;5;09:21;
4.5;87;2.5;3.1;6.1;7.9;1025.2;2710;0;0;0;44;0;162.6;5;5;09:22;
4.5;87;2.5;4.5;4.3;10.1;1025.1;2780;0;0;0;44;0;162.6;5.1;5;09:23;
4.4;87;2.4;1.8;10.4;12.2;1025.3;2700;0;0;0;44;0;162.6;5.1;5;09:24;
4.4;87;2.4;3.1;5.8;9;1025.2;2700;0;0;0;44;0;162.6;5.1;5;09:25;
4.4;87;2.4;2.5;7.6;7.9;1025.4;2760;0;0;0;44;0;162.6;5.1;5;09:26;
4.5;87;2.5;3.5;5;11.9;1025.3;2910;0;0;0;44;0;162.6;5.1;5.1;09:27;
4.5;87;2.5;2.5;7.9;11.9;1025.4;3020;0;0;0;44;0;162.6;5.1;5.1;09:28;
4.5;87;2.5;2.5;8.3;12.2;1025.2;3200;0;0;0;44;0;162.6;5.1;5.1;09:29;
4.5;87;2.5;2.4;8.6;9.7;1025.2;3440;0;0;0;44;0;162.6;5.2;5.1;09:30;
4.5;87;2.5;2.2;9.4;11.2;1025.4;3560;0;0;0;44;0;162.6;5.2;5.1;09:31;
4.5;87;2.5;3;6.5;7.2;1025.4;3620;0;0;0;44;0;162.6;5.1;5.1;09:32;
4.5;87;2.5;1.9;10.4;11.2;1025.1;3600;0;0;0;44;0;162.6;5.2;5.1;09:33;
4.5;87;2.5;2.8;7.2;8.6;1025.2;3400;0;0;0;44;0;162.6;5.2;5.2;09:34;
4.5;87;2.5;2.5;7.9;8.3;1025.2;3350;0;0;0;44;0;162.6;5.2;5.2;09:35;
4.5;87;2.5;4.5;4.7;8.6;1025.2;3320;0;0;0;44;0;162.6;5.2;5.2;09:36;
4.5;87;2.5;2.6;7.6;12.2;1025.4;3180;0;0;0;44;0;162.6;5.3;5.2;09:37;
4.5;87;2.5;4.5;4;9.4;1025.4;3280;0;0;0;44;0;162.6;5.3;5.2;09:38;
4.5;87;2.5;2.9;6.8;9;1025.2;3410;0;0;0;44;0;162.6;5.3;5.2;09:39;
4.5;87;2.5;2.2;9.4;9.4;1025.4;3440;0;0;0;44;0;162.6;5.3;5.2;09:40;
4.5;87;2.5;2.6;7.6;10.1;1025.3;3520;0;0;0;44;0;162.6;5.3;5.2;09:41;
4.5;87;2.5;3.2;5.8;7.9;1025.5;3620;0;0;0;44;0;162.6;5.3;5.3;09:42;
4.5;87;2.5;2.6;7.6;10.1;1025.4;3740;0;0;0;44;0;162.6;5.3;5.3;09:43;
4.5;87;2.5;2.5;7.9;10.1;1025.3;3840;0;0;0;44;0;162.6;5.3;5.3;09:44;
4.5;87;2.5;3.2;5.8;9.4;1025.4;3810;0;0;0;44;0;162.6;5.4;5.3;09:45;
4.5;86;2.4;1.6;12.2;18.4;1025.3;3750;0;0;0;44;0;162.6;5.4;5.3;09:46;
4.5;86;2.4;2.3;9;10.8;1025.7;3720;0;0;0;44;0;162.6;5.4;5.3;09:47;
4.5;86;2.4;2.1;10.1;12.2;1025.4;3820;0;0;0;44;0;162.6;5.4;5.3;09:48;
4.5;86;2.4;3.4;5.4;13.7;1025.5;3840;0;0;0;44;0;162.6;5.4;5.3;09:49;
4.5;86;2.4;3.4;5.4;10.1;1025.4;3930;0;0;0;44;0;162.6;5.4;5.3;09:50;
4.5;86;2.4;2.4;8.6;12.2;1025.5;4010;0;0;0;44;0;162.6;5.4;5.3;09:51;
4.5;86;2.4;3.4;5.4;7.9;1025.4;4180;0;0;0;44;0;162.6;5.4;5.4;09:52;
4.6;86;2.5;2.8;7.6;8.6;1025.5;4440;0;0;0;44;0;162.6;5.4;5.4;09:53;
4.6;86;2.5;2.8;7.6;12.6;1025.5;4550;0;0;0;44;0;162.6;5.5;5.4;09:54;
4.6;86;2.5;2.5;8.6;13.7;1025.4;4590;0;0;0;44;0;162.6;5.5;5.4;09:55;
4.5;86;2.4;2.9;6.8;10.1;1025.4;4940;0;0;0;44;0;162.6;5.5;5.4;09:56;
4.5;86;2.4;3.1;6.1;6.8;1025.5;5010;0;0;0;44;0;162.6;5.5;5.4;09:57;
4.6;86;2.5;2.5;9;9.4;1025.4;5080;0;0;0;44;0;162.6;5.5;5.4;09:58;
4.6;86;2.5;2.9;7.2;10.4;1025.4;5100;0;0;0;44;0;162.6;5.5;5.4;09:59;
4.6;86;2.5;2.2;10.1;15.8;1025.4;5340;0;0;0;44;0;162.6;5.5;5.5;10:00;
4.5;86;2.4;1.7;11.5;13.3;1025.5;5510;0;0;0;44;0;162.6;5.6;5.5;10:01;
4.5;86;2.4;3.5;5;10.8;1025.2;5650;0;0;0;44;0;162.6;5.6;5.5;10:02;
4.6;86;2.5;3.2;6.1;13.7;1025.5;5820;0;0;0;44;0;162.6;5.6;5.5;10:03;
4.6;86;2.5;2.5;8.6;11.5;1025.5;5910;0;0;0;44;0;162.6;5.7;5.5;10:04;
4.6;86;2.5;3;6.8;7.9;1025.2;5700;0;0;0;44;0;162.6;5.7;5.6;10:05;
4.6;86;2.5;1.9;11.2;12.6;1025.3;5750;0;0;0;44;0;162.6;5.7;5.6;10:06;
4.6;86;2.5;2.6;7.9;10.8;1025.4;5650;0;0;0;44;0;162.6;5.7;5.6;10:07;
4.6;86;2.5;1.9;11.5;11.9;1025.4;5700;0;0;0;44;0;162.6;5.8;5.6;10:08;
4.6;86;2.5;1.6;13;18.4;1025.3;6090;0;0;0;44;0;162.6;5.8;5.7;10:09;
4.6;86;2.5;1.3;14.8;20.9;1025.1;6250;0;0;0;44;0;162.6;5.8;5.7;10:10;
4.6;86;2.5;2.3;9.7;9.7;1025.2;6670;0;0;0;44;0;162.6;5.8;5.7;10:11;
4.7;86;2.6;2.7;8.3;9;1025.4;7290;0;0;0;44;0;162.6;5.8;5.7;10:12;
4.7;86;2.6;2.9;7.6;8.3;1025.2;7460;0;0;0;44;0;162.6;5.8;5.7;10:13;
4.7;86;2.6;3.1;6.8;11.5;1025.3;7510;0;0;0;44;0;162.6;5.9;5.8;10:14;
4.6;86;2.5;2.5;9;12.6;1025.4;7490;0;0;0;44;0;162.6;5.9;5.8;10:15;
4.6;86;2.5;1.8;11.9;12.2;1025.4;7230;0;0;0;44;0;162.6;5.9;5.8;10:16;
4.6;85;2.3;2.5;9;18;1025.4;7270;0;0;0;44;0;162.6;6;5.8;10:17;
4.6;85;2.3;3.1;6.5;14;1025.4;7180;0;0;0;44;0;162.6;6;5.8;10:18;
4.7;85;2.4;2.4;9.4;10.4;1025.3;7060;0;0;0;44;0;162.6;6;5.9;10:19;
4.7;85;2.4;4.7;4.7;9;1025.4;7080;0;0;0;44;0;162.6;6;5.9;10:20;
4.7;85;2.4;2.6;8.6;9;1025.4;7120;0;0;0;44;0;162.6;6;5.9;10:21;
4.7;85;2.4;1.8;12.6;13.7;1025.3;7290;0;0;0;44;0;162.6;6.1;5.9;10:22;
4.7;85;2.4;4.7;4.7;7.6;1025.4;7570;0;0;0;44;0;162.6;6.1;5.9;10:23;
4.7;85;2.4;2.4;9.4;11.9;1025.3;7830;0;0;0;44;0;162.6;6.2;6;10:24;
4.7;85;2.4;2.3;10.1;14;1025.4;7560;0;0;0;44;0;162.6;6.2;6;10:25;
4.7;85;2.4;1.6;13.7;14.8;1025.4;7370;0;0;0;44;0;162.6;6.3;6;10:26;
4.7;85;2.4;4.7;2.2;9;1025.4;7530;0;0;0;44;0;162.6;6.2;6;10:27;
4.7;85;2.4;4.7;2.9;10.1;1025.3;7740;0;0;0;44;0;162.6;6.2;6.1;10:28;
4.8;85;2.5;2.2;11.2;13.7;1025.4;7730;0;0;0;44;0;162.6;6.3;6.1;10:29;
4.7;85;2.4;2.4;9.7;11.5;1025.5;7580;0;0;0;44;0;162.6;6.3;6.1;10:30;
4.7;84;2.2;3;7.2;16.9;1025.5;7510;0;0;0;44;0;162.6;6.3;6.1;10:31;
4.7;84;2.2;1.9;11.9;16.2;1025.4;7470;0;0;0;44;0;162.6;6.3;6.1;10:32;
4.7;84;2.2;2;11.5;12.6;1025.3;7310;0;0;0;44;0;162.6;6.3;6.2;10:33;
4.7;85;2.4;2.7;8.3;10.4;1025.4;7490;0;0;0;44;0;162.6;6.3;6.2;10:34;
4.8;85;2.5;3;7.6;11.5;1025.5;7920;0;0;0;44;0;162.6;6.3;6.2;10:35;
4.7;84;2.2;1.6;13.7;15.1;1025.5;8240;0;0;0;44;0;162.6;6.3;6.2;10:36;
4.7;84;2.2;2.1;10.8;11.2;1025.5;8410;0;0;0;44;0;162.6;6.3;6.2;10:37;
4.8;84;2.3;2.5;9.4;9.4;1025.6;8770;0;0;0;44;0;162.6;6.3;6.2;10:38;
4.8;84;2.3;2.2;11.2;12.2;1025.6;8930;0;0;0;44;0;162.6;6.3;6.2;10:39;
4.8;84;2.3;3.3;6.5;11.9;1025.5;9290;0;0;0;44;0;162.6;6.4;6.2;10:40;
4.8;84;2.3;3.1;7.2;8.3;1025.6;9350;0;0;0;44;0;162.6;6.4;6.3;10:41;
4.8;84;2.3;2.5;10.1;10.1;1025.3;9240;0;0;0;44;0;162.6;6.4;6.3;10:42;
4.8;84;2.3;1.4;15.8;19.1;1025.7;9390;0;0;0;44;0;162.6;6.5;6.4;10:43;
4.8;84;2.3;3.5;6.1;6.5;1025.7;9740;0;0;0;44;0;162.6;6.5;6.4;10:44;
4.9;84;2.4;2.4;10.4;11.9;1025.7;10230;0;0;0;44;0;162.6;6.6;6.4;10:45;
4.9;84;2.4;2;12.6;15.1;1025.4;10980;0;0;0;44;0;162.6;6.6;6.4;10:46;
4.8;84;2.3;2.1;11.5;18.4;1025.5;11800;0;0;0;44;0;162.6;6.7;6.5;10:47;
4.8;84;2.3;2.5;10.1;15.5;1025.6;12270;0;0;0;44;0;162.6;6.7;6.5;10:48;
4.8;84;2.3;2;12.2;15.1;1025.6;12440;0;0;0;44;0;162.6;6.8;6.5;10:49;
4.8;84;2.3;2.5;9.4;13.7;1025.8;12730;0;0;0;44;0;162.6;6.8;6.6;10:50;
4.9;84;2.4;2.3;11.2;15.1;1025.6;12990;0;0;0;44;0;162.6;6.8;6.6;10:51;
4.9;84;2.4;2.8;9;17.3;1025.6;13510;0;0;0;44;0;162.6;6.9;6.7;10:52;
4.9;84;2.4;2.3;11.2;14.8;1025.6;14180;1;0;0;44;0;162.6;7;6.7;10:53;
5;84;2.5;2.8;9.4;13.3;1025.7;14420;1;0;0;44;0;162.6;7.1;6.8;10:54;
5;84;2.5;3.7;6.1;10.1;1025.6;14130;1;0;0;44;0;162.6;7.2;6.8;10:55;
5;84;2.5;3.5;6.5;8.3;1025.6;13580;0;0;0;44;0;162.6;7.2;6.9;10:56;
5.1;84;2.6;3.3;7.6;10.1;1025.8;13510;0;0;0;44;0;162.6;7.2;7;10:57;
5;84;2.5;2.7;9.7;13;1025.8;13970;1;0;0;44;0;162.6;7.4;7.1;10:58;
5.1;84;2.6;3.8;6.1;7.9;1025.8;14860;1;0;0;44;0;162.6;7.5;7.2;10:59;
5.1;84;2.6;3.2;8.3;9.4;1025.6;15690;1;0;0;44;0;162.6;7.5;7.3;11:00;
5;83;2.3;2.3;11.5;16.6;1025.8;16230;1;0;0;44;0;162.6;7.6;7.4;11:01;
5.1;83;2.4;3.3;7.6;13;1025.6;16560;1;0;0;44;0;162.6;7.7;7.5;11:02;
5.2;83;2.5;2.7;10.8;14;1025.7;16970;1;0;0;44;0;162.6;7.8;7.6;11:03;
5.2;83;2.5;3.5;7.6;10.4;1025.6;19000;1;0;0;44;0;162.6;7.9;7.6;11:04;
5.2;83;2.5;3;9.7;10.8;1025.7;36610;2;0;0;44;0;162.6;8;7.7;11:05;
5.5;82;2.7;5.5;4;7.2;1025.6;28080;2;0;0;44;0;162.6;8.1;7.8;11:06;
5.7;82;2.8;4;7.6;9.7;1025.5;32970;2;0;0;44;0;162.6;8.6;8;11:07;
6;82;3.1;3.9;10.1;11.5;1025.4;39140;2;0;0;44;0;162.6;9.3;8.1;11:08;
6;81;3;4.9;6.1;9.7;1025.5;40780;2;0;0;44;0;162.6;10.2;8.3;11:09;
6.2;80;3;5.3;5.4;9;1025.5;38730;2;0;0;44;0;162.6;11.1;8.5;11:10;
6.3;79;2.9;4.6;7.9;14.4;1025.6;34070;2;0;0;44;0;162.6;12.1;8.7;11:11;
6.1;79;2.7;3.3;13.7;21.2;1025.4;34710;2;0;0;44;0;162.6;13;8.9;11:12;
6.1;80;2.9;5;6.1;7.6;1025.4;29270;2;0;0;44;0;162.6;13.7;9;11:13;
6.2;80;3;4.6;7.6;9.4;1025.6;31880;2;0;0;44;0;162.6;14.1;9.1;11:14;
6.1;80;2.9;3.7;11.2;18.7;1025.7;34520;2;0;0;44;0;162.6;14.3;9.2;11:15;
6.1;79;2.7;3.8;10.8;19.1;1025.7;31720;2;0;0;44;0;162.6;14.4;9.3;11:16;
6.1;79;2.7;4;10.1;15.1;1025.7;35150;2;0;0;44;0;162.6;14.4;9.3;11:17;
6.2;79;2.8;4.6;7.6;11.2;1025.5;13840;1;0;0;44;0;162.6;14.6;9.2;11:18;
6;79;2.6;6;4.3;10.4;1025.8;28460;2;0;0;44;0;162.6;14.8;9.2;11:19;
6.1;79;2.7;3.6;11.9;12.2;1025.5;36290;2;0;0;44;0;162.6;14.9;9.2;11:20;
6.1;79;2.7;3.7;11.2;14.4;1025.5;31240;2;0;0;44;0;162.6;14.9;9.2;11:21;
5.9;79;2.5;3.2;13.3;16.2;1025.5;19820;1;0;0;44;0;162.6;14.9;9.2;11:22;
5.9;80;2.7;3.2;13.3;19.4;1025.4;25670;1;0;0;44;0;162.6;14.8;9.2;11:23;
5.9;80;2.7;4.8;5.8;10.4;1025.7;28060;2;0;0;44;0;162.6;14.6;9.2;11:24;
5.9;80;2.7;2.7;15.8;22;1025.4;15250;1;0;0;44;0;162.6;14.4;9.2;11:25;
5.8;81;2.8;5.8;4;10.1;1025.4;27930;2;0;0;44;0;162.6;14.2;9.3;11:26;
6;80;2.8;3.3;12.6;19.8;1025.4;26590;1;0;0;44;0;162.6;14;9.2;11:27;
5.9;80;2.7;3.5;11.2;15.5;1025.3;29280;2;0;0;44;0;162.6;13.9;9.2;11:28;
6.1;80;2.9;3.7;11.5;14.8;1025.5;32580;2;0;0;44;0;162.6;13.8;9.1;11:29;
6.2;79;2.8;3.2;15.1;17.3;1025.5;23600;1;0;0;44;0;162.6;14;9.1;11:30;
6.1;80;2.9;4;10.1;14.8;1025.4;32480;2;0;0;44;0;162.6;14.2;9;11:31;
6.3;80;3.1;4.5;8.6;9.4;1025.5;25920;1;0;0;44;0;162.6;14.4;8.9;11:32;
6.4;80;3.2;5.3;6.1;9.4;1025.4;20400;1;0;0;44;0;162.6;14.7;8.9;11:33;
6.4;79;3;4.8;7.9;13.3;1025.5;21350;1;0;0;44;0;162.6;15;8.9;11:34;
6.4;79;3;5.4;5.8;7.9;1025.5;25440;1;0;0;44;0;162.6;15.2;8.8;11:35;
6.4;79;3;5.1;6.5;9.7;1025.5;18320;1;0;0;44;0;162.6;15.3;8.9;11:36;
6.4;80;3.2;4.6;9;9;1025.4;40970;3;0;0;44;0;162.6;15.3;8.9;11:37;
6.5;79;3.1;5.1;7.2;10.4;1025.4;38390;2;0;0;44;0;162.6;15.4;8.9;11:38;
6.6;79;3.2;4.5;10.4;11.9;1025.4;39030;2;0;0;44;0;162.6;15.7;8.9;11:39;
6.8;78;3.2;5.6;6.5;8.6;1025.4;40200;2;0;0;44;0;162.6;16.1;8.9;11:40;
6.9;78;3.3;4.6;11.5;15.1;1025.5;37840;2;0;0;44;0;162.6;16.6;8.9;11:41;
6.9;78;3.3;4.8;10.8;14;1025.5;38610;2;0;0;44;0;162.6;17.1;9;11:42;
6.7;77;2.9;4.5;10.8;12.2;1025.5;35680;2;0;0;44;0;162.6;17.5;9;11:43;
6.6;78;3;4.5;10.4;12.2;1025.5;37500;2;0;0;44;0;162.6;17.8;9;11:44;
6.6;78;3;6.6;4.3;10.4;1025.5;37110;2;0;0;44;0;162.6;18.1;9;11:45;
6.8;79;3.4;6;5.4;6.8;1025.7;35580;2;0;0;44;0;162.6;18.4;9;11:46;
6.9;78;3.3;4.4;12.6;13.7;1025.4;35300;2;0;0;44;0;162.6;18.6;9;11:47;
6.9;77;3.1;5.3;8.3;13;1025.4;37780;2;0;0;44;0;162.6;18.9;9;11:48;
6.9;78;3.3;4.5;12.2;15.8;1025.4;38560;2;0;0;44;0;162.6;19.1;8.9;11:49;
6.9;78;3.3;5.2;9;10.8;1025.9;39370;2;0;0;44;0;162.6;19.2;8.9;11:50;
6.8;78;3.2;4.8;10.1;14.4;1025.6;27650;2;0;0;44;0;162.6;19.3;8.9;11:51;
6.7;78;3.1;4.8;9.7;13.7;1025.6;36230;2;0;0;44;0;162.6;19.3;8.9;11:52;
6.6;78;3;5.4;6.5;9;1025.7;33370;2;0;0;44;0;162.6;19.2;8.9;11:53;
6.7;78;3.1;5.7;5.8;14.8;1025.8;22030;1;0;0;44;0;162.6;19;8.9;11:54;
6.6;78;3;4.6;9.7;14.4;1025.7;39460;2;0;0;44;0;162.6;18.8;8.9;11:55;
6.5;79;3.1;6.5;3.2;9;1025.7;33530;2;0;0;44;0;162.6;18.5;8.9;11:56;
6.5;79;3.1;4.9;7.9;14.8;1025.7;43670;3;0;0;44;0;162.6;18.3;9;11:57;
6.7;78;3.1;4.8;9.7;10.8;1025.8;24230;1;0;0;44;0;162.6;18.3;9;11:58;
6.7;78;3.1;5.2;7.6;10.1;1025.6;41740;3;0;0;44;0;162.6;18.3;9.1;11:59;
6.9;78;3.3;4.1;15.1;19.8;1026;39150;2;0;0;44;0;162.6;18.4;9.1;12:00;
6.8;78;3.2;5.1;9;13.7;1025.8;16020;1;0;0;44;0;162.6;18.5;9.1;12:01;
6.6;78;3;4.9;8.6;11.5;1025.8;18820;1;0;0;44;0;162.6;18.7;9.2;12:02;
6.6;78;3;4.6;9.7;12.2;1025.6;36330;2;0;0;44;0;162.6;18.6;9.2;12:03;
6.6;78;3;3.9;13.7;17.3;1025.6;44450;3;0;0;44;0;162.6;18.3;9.2;12:04;
6.6;78;3;4.5;10.4;10.4;1025.7;19480;1;0;0;44;0;162.6;18.1;9.2;12:05;
6.7;78;3.1;5.7;5.8;10.4;1025.6;41860;3;0;0;44;0;162.6;18;9.3;12:06;
6.6;78;3;4.7;9.4;9.7;1025.5;41150;3;0;0;44;0;162.6;17.9;9.3;12:07;
6.8;78;3.2;5.3;7.6;11.2;1025.6;37540;2;0;0;44;0;162.6;17.9;9.3;12:08;
6.8;77;3;4.9;9.4;18.7;1025.4;39460;2;0;0;44;0;162.6;18.1;9.2;12:09;
6.9;78;3.3;6.9;0;8.6;1025.6;23600;1;0;0;44;0;162.6;18.3;9.2;12:10;
7.1;77;3.3;5.4;8.6;10.4;1025.5;24080;1;0;0;44;0;162.6;18.6;9.2;12:11;
7;77;3.2;4.8;11.2;14.4;1025.7;38140;2;0;0;44;0;162.6;18.9;9.1;12:12;
6.9;77;3.1;4.8;10.8;12.6;1025.5;38020;2;0;0;44;0;162.6;19.1;9.1;12:13;
6.9;77;3.1;4.4;13.3;16.2;1025.6;22180;1;0;0;44;0;162.6;19.3;9.1;12:14;
6.8;78;3.2;5.4;7.2;15.1;1025.7;23180;1;0;0;44;0;162.6;19.4;9;12:15;
6.8;78;3.2;4.5;11.5;12.2;1025.5;36250;2;0;0;44;0;162.6;19.4;9;12:16;
6.9;78;3.3;5.6;6.8;9.4;1025.7;37590;2;0;0;44;0;162.6;19.3;9;12:17;
7;78;3.4;5.6;7.6;10.4;1025.6;38800;2;0;0;44;0;162.6;19.1;9;12:18;
6.9;77;3.1;5;10.1;10.4;1025.6;39360;2;0;0;44;0;162.6;19.1;9;12:19;
7;78;3.4;5.6;7.6;13.3;1025.5;39390;2;0;0;44;0;162.6;19.1;9;12:20;
7;78;3.4;6.2;5.4;11.2;1025.5;40230;2;0;0;44;0;162.6;19.2;9;12:21;
6.9;78;3.3;5.3;8.3;10.8;1025.4;43730;3;0;0;44;0;162.6;19.4;9.1;12:22;
7.1;78;3.5;5.4;9;11.5;1025.5;43460;3;0;0;44;0;162.6;19.5;9.1;12:23;
7.2;78;3.6;6.6;5;6.8;1025.5;43440;3;0;0;44;0;162.6;19.6;9.3;12:24;
7.4;77;3.6;5.8;9;10.4;1025.4;41780;3;0;0;44;0;162.6;19.9;9.5;12:25;
7.5;77;3.7;6.4;6.5;7.6;1025.4;39670;2;0;0;44;0;162.6;20.3;9.8;12:26;
7.6;76;3.6;5.7;10.4;11.9;1025.4;38910;2;0;0;44;0;162.6;20.7;9.9;12:27;
7.4;76;3.4;6.2;6.8;10.4;1025.6;38480;2;0;0;44;0;162.6;21.1;10;12:28;
7.5;76;3.5;5;13.7;17.6;1025.7;38500;2;0;0;44;0;162.6;21.3;10.2;12:29;
7.2;75;3.1;5.6;8.6;17.6;1025.7;39180;2;0;0;44;0;162.6;21.5;10.4;12:30;
7.2;76;3.2;5.1;11.2;14.4;1025.7;36610;2;0;0;44;0;162.6;21.5;10.6;12:31;
7.2;76;3.2;5.1;11.2;12.6;1025.5;39680;2;0;0;44;0;162.6;21.4;11;12:32;
7.3;76;3.3;5.5;9.4;12.6;1025.3;38560;2;0;0;44;0;162.6;21.5;11.4;12:33;
7.5;77;3.7;6.8;5.4;8.6;1025.4;39680;2;0;0;44;0;162.6;21.5;11.8;12:34;
7.6;76;3.6;6.2;7.9;13;1025.1;23830;1;0;0;44;0;162.6;21.5;12.2;12:35;
7.6;76;3.6;6.5;6.5;11.5;1025.3;40340;2;0;0;44;0;162.6;21.5;12.7;12:36;
7.6;75;3.4;5.3;12.6;24.1;1025.1;39700;2;0;0;44;0;162.6;21.5;13.2;12:37;
7.3;75;3.2;6.1;6.8;14.4;1025.1;39610;2;0;0;44;0;162.6;21.5;13.8;12:38;
7.4;76;3.4;4.9;13.7;14.4;1025.2;39700;2;0;0;44;0;162.6;21.4;14.3;12:39;
7.4;76;3.4;6.3;6.5;10.4;1025.3;39860;2;0;0;44;0;162.6;21.3;14.8;12:40;
7.6;76;3.6;7.6;4.7;6.5;1025.1;40630;2;0;0;44;0;162.6;21.4;15.3;12:41;
7.8;76;3.8;5.6;12.2;13.7;1025.2;43670;3;0;0;44;0;162.6;21.6;15.7;12:42;
7.7;75;3.5;6;9.7;11.2;1025.3;45400;3;0;0;44;0;162.6;21.8;16;12:43;
7.6;75;3.4;6.8;5.8;10.8;1025.4;44930;3;0;0;44;0;162.6;22;16.3;12:44;
7.8;76;3.8;6.6;7.2;7.2;1025.4;43250;3;0;0;44;0;162.6;22.1;16.7;12:45;
7.7;75;3.5;5.7;11.2;12.6;1025.3;42750;3;0;0;44;0;162.6;22.4;17.2;12:46;
7.6;75;3.4;6.5;6.5;6.5;1025.2;21470;1;0;0;44;0;162.6;22.5;17.5;12:47;
7.6;76;3.6;5.7;10.4;20.5;1025.2;40330;2;0;0;44;0;162.6;22.6;17.8;12:48;
7.4;76;3.4;5.6;9.7;13.7;1025.2;26750;1;0;0;44;0;162.6;22.3;17.8;12:49;
7.3;77;3.5;6.4;5.8;11.5;1025.4;25170;1;0;0;44;0;162.6;21.9;17.8;12:50;
7.3;77;3.5;5.5;9.4;11.2;1025.3;17350;1;0;0;44;0;162.6;21.5;17.7;12:51;
7.4;77;3.6;6.3;6.5;12.2;1025.3;47740;3;0;0;44;0;162.6;21.1;17.6;12:52;
7.6;77;3.8;5.9;9.4;11.5;1025.1;47590;3;0;0;44;0;162.6;20.7;17.6;12:53;
7.7;76;3.7;5.3;13;13.7;1025.1;49920;3;0;0;44;0;162.6;20.6;17.5;12:54;
7.8;76;3.8;5.8;11.2;18.7;1025.2;16080;1;0;0;44;0;162.6;20.7;17.5;12:55;
7.6;75;3.4;4.6;18;23.4;1025.1;33610;2;0;0;44;0;162.6;20.7;17.7;12:56;
7.5;76;3.5;5.1;13;18.4;1025.3;21890;1;0;0;44;0;162.6;20.6;17.8;12:57;
7.4;76;3.4;4.4;17.6;20.9;1025.2;14030;1;0;0;44;0;162.6;20.4;17.9;12:58;
7.2;76;3.2;5.1;11.2;12.6;1025.3;25190;1;0;0;44;0;162.6;20.4;17.9;12:59;
7.2;77;3.4;5.6;8.6;13.3;1025.3;12680;0;0;0;44;0;162.6;20;17.9;13:00;
7.3;77;3.5;5.7;8.6;12.2;1025.2;53030;3;0;0;44;0;162.6;19.6;17.6;13:01;
7.5;76;3.5;5.7;10.1;14.4;1025.2;20880;1;0;0;44;0;162.6;19.2;17.3;13:02;
7.5;76;3.5;5.9;9;11.9;1025.1;17320;1;0;0;44;0;162.6;18.9;17.2;13:03;
7.5;76;3.5;5.7;9.7;13.3;1025.1;20200;1;0;0;44;0;162.6;18.8;17.1;13:04;
7.3;76;3.3;5.2;11.2;11.5;1025.3;27700;2;0;0;44;0;162.6;18.6;16.9;13:05;
7.3;77;3.5;5.4;10.1;11.5;1025.2;63120;4;0;0;44;0;162.6;18.3;16.6;13:06;
7.6;77;3.8;6.2;8.3;8.3;1025.1;41900;3;0;0;44;0;162.6;18;16.4;13:07;
7.6;76;3.6;6.2;7.9;12.6;1025;20050;1;0;0;44;0;162.6;18;16.4;13:08;
7.6;76;3.6;5.3;12.6;14;1024.9;56940;4;0;0;44;0;162.6;18.3;16.6;13:09;
7.6;76;3.6;6;9;11.5;1025;43000;3;0;0;44;0;162.6;18.5;16.8;13:10;
7.6;76;3.6;5.2;13;16.6;1024.9;62560;4;0;0;44;0;162.6;18.7;16.9;13:11;
7.7;76;3.7;5.4;12.6;15.1;1024.8;35570;2;0;0;44;0;162.6;18.7;16.9;13:12;
7.7;76;3.7;6.7;6.5;12.2;1024.9;52180;3;0;0;44;0;162.6;18.9;17.1;13:13;
7.8;75;3.6;5.7;11.5;15.1;1024.9;54150;3;0;0;44;0;162.6;19.2;17.2;13:14;
7.7;75;3.5;6;9.7;13.3;1024.8;21490;1;0;0;44;0;162.6;19.4;17.2;13:15;
7.7;75;3.5;5.8;10.4;12.6;1025;58910;4;0;0;44;0;162.6;19.5;17.2;13:16;
7.8;75;3.6;5.8;11.2;14.4;1025;59050;4;0;0;44;0;162.6;19.4;17.2;13:17;
8;75;3.8;6;11.5;16.9;1024.9;56490;4;0;0;44;0;162.6;19.5;17.2;13:18;
8;75;3.8;8;4;6.5;1025;56150;4;0;0;44;0;162.6;19.9;18;13:19;
8;74;3.7;6;11.2;15.1;1025;59250;4;0;0;44;0;162.6;20.2;18;13:20;
8.2;75;4;6.9;8.3;11.5;1025.2;59430;4;0;0;44;0;162.6;20.7;18;13:21;
8.3;74;3.9;6.2;12.2;20.2;1025;60810;4;0;0;44;0;162.6;21.1;19.4;13:22;
8.3;74;3.9;4.8;24.5;25.9;1024.9;61630;4;0;0;44;0;162.6;21.6;19.4;13:23;
8.3;74;3.9;6.1;12.6;16.9;1024.9;60320;4;0;0;44;0;162.6;22;19.4;13:24;
8.4;74;4;7.4;6.8;9;1024.9;57710;4;0;0;44;0;162.6;22.3;19.4;13:25;
8.6;74;4.2;7.2;9;9.4;1024.9;56500;4;0;0;44;0;162.6;22.6;19.4;13:26;
8.8;73;4.2;7.6;7.9;13.3;1025;56680;4;0;0;44;0;162.6;23;19.4;13:27;
8.9;73;4.3;7.4;9.7;10.8;1025;57070;4;0;0;44;0;162.6;23.5;21;13:28;
8.8;72;4;6.9;11.5;14.8;1024.8;58450;4;0;0;44;0;162.6;24.1;21.2;13:29;
8.7;72;3.9;7;10.4;13.7;1024.8;59470;4;0;0;44;0;162.6;24.5;21.2;13:30;
8.7;73;4.1;6.8;11.9;15.8;1024.9;59450;4;0;0;44;0;162.6;24.8;21.9;13:31;
8.5;72;3.7;5.8;17.3;20.2;1024.9;57690;4;0;0;44;0;162.6;25;21.9;13:32;
8.4;73;3.9;6.5;11.2;16.9;1024.9;57340;4;0;0;44;0;162.6;25.2;21.9;13:33;
8.3;72;3.5;5.9;14.4;17.3;1024.8;31050;2;0;0;44;0;162.6;25.2;22.8;13:34;
8.1;73;3.6;6.7;8.3;13.3;1025.1;26520;1;0;0;44;0;162.6;25.1;22.8;13:35;
8;74;3.7;6.3;10.1;14;1024.6;25780;1;0;0;44;0;162.6;24.8;22.8;13:36;
8;74;3.7;6.1;10.4;11.2;1024.8;23110;1;0;0;44;0;162.6;24.2;22.5;13:37;
7.8;75;3.6;5.4;13.7;19.1;1025.1;28600;2;0;0;44;0;162.6;23.6;22;13:38;
7.7;75;3.5;6.5;7.2;14.4;1025;38640;2;0;0;44;0;162.6;22.8;22;13:39;
7.9;75;3.7;6.2;9.7;13;1024.8;43630;3;0;0;44;0;162.6;22.1;20.9;13:40;
8.1;75;3.9;8.1;4.3;6.8;1024.8;23000;1;0;0;44;0;162.6;21.6;20.4;13:41;
8.3;75;4.1;7.3;6.5;7.6;1025;57850;4;0;0;44;0;162.6;21.3;20.1;13:42;
8.4;74;4;7.9;5;6.8;1024.6;61030;4;0;0;44;0;162.6;21.3;19.9;13:43;
8.5;73;4;7.8;5.8;11.2;1024.7;60610;4;0;0;44;0;162.6;21.6;19.9;13:44;
8.4;73;3.9;6.8;9.7;13;1024.9;33130;2;0;0;44;0;162.6;22.1;20;13:45;
8.4;74;4;6.1;13.7;16.6;1024.7;55570;4;0;0;44;0;162.6;22.5;20.3;13:46;
8.4;72;3.6;6.2;13;17.6;1024.7;29880;2;0;0;44;0;162.6;22.8;20.5;13:47;
8.2;73;3.7;5.8;14;20.5;1024.7;54860;4;0;0;44;0;162.6;22.9;20.6;13:48;
8.2;74;3.9;6.7;9;12.2;1024.5;54560;4;0;0;44;0;162.6;22.8;20.6;13:49;
8.4;73;3.9;6.6;10.4;14.4;1024.6;55260;4;0;0;44;0;162.6;22.7;20.8;13:50;
8.6;73;4.1;7;10.1;14.4;1024.5;44770;3;0;0;44;0;162.6;22.9;20.9;13:51;
8.5;73;4;6.2;14;15.8;1024.7;27640;2;0;0;44;0;162.6;23;21.1;13:52;
8.5;73;4;6.7;10.8;18.7;1024.6;57660;4;0;0;44;0;162.6;22.9;21.2;13:53;
8.6;73;4.1;7.4;7.6;9.4;1024.4;58240;4;0;0;44;0;162.6;22.8;21.2;13:54;
8.7;73;4.1;7.6;7.2;12.2;1024.5;59860;4;0;0;44;0;162.6;22.8;21.2;13:55;
8.6;73;4.1;7;9.7;10.1;1024.5;60640;4;0;0;44;0;162.6;23.1;21.3;13:56;
8.8;73;4.2;7.9;6.5;11.9;1024.5;62510;4;0;0;44;0;162.6;23.3;21.5;13:57;
8.9;72;4.1;8;6.8;11.9;1024.5;34350;2;0;0;44;0;162.6;23.7;21.7;13:58;
8.9;72;4.1;6.5;15.5;18.7;1024.6;24010;1;0;0;44;0;162.6;24;22;13:59;
8.6;72;3.8;7.2;9;17.6;1024.8;26950;1;0;0;44;0;162.6;24;22.2;14:00;
8.6;73;4.1;7;10.1;13.3;1024.8;20630;1;0;0;44;0;162.6;24;22.2;14:01;
8.4;73;3.9;5.6;18;22.3;1024.6;16620;1;0;0;44;0;162.6;23.8;22;14:02;
8.2;74;3.9;6.3;10.8;11.5;1024.8;13900;1;0;0;44;0;162.6;23.3;21.6;14:03;
8.2;73;3.7;6.3;11.2;12.2;1024.8;12150;0;0;0;44;0;162.6;22.7;21.1;14:04;
8.2;74;3.9;7.4;5.8;6.5;1024.9;10920;0;0;0;44;0;162.6;21.9;20.5;14:05;
8.2;73;3.7;6.3;11.2;12.2;1024.9;10200;0;0;0;44;0;162.6;21.1;19.8;14:06;
8;73;3.5;5.8;12.6;14.4;1025;9670;0;0;0;44;0;162.6;20.4;19.2;14:07;
7.8;73;3.3;5.8;10.8;11.9;1024.7;9530;0;0;0;44;0;162.6;19.7;18.5;14:08;
7.7;74;3.4;5.7;10.8;13.3;1024.9;9520;0;0;0;44;0;162.6;19;17.9;14:09;
7.8;74;3.5;7.8;4;5.4;1024.9;9480;0;0;0;44;0;162.6;18.3;17.3;14:10;
7.9;74;3.6;7;6.1;16.9;1024.8;9690;0;0;0;44;0;162.6;17.6;16.7;14:11;
7.8;74;3.5;5.5;13.3;18.4;1024.8;10390;0;0;0;44;0;162.6;17.1;16.2;14:12;
7.8;74;3.5;7.1;5.4;10.8;1024.8;11260;0;0;0;44;0;162.6;16.5;15.7;14:13;
7.8;75;3.6;7.8;4.3;6.1;1024.8;11960;0;0;0;44;0;162.6;16.1;15.3;14:14;
7.8;75;3.6;6.9;6.1;7.2;1024.8;12580;0;0;0;44;0;162.6;15.6;15;14:15;
7.9;75;3.7;7.9;3.6;5.4;1024.8;13060;0;0;0;44;0;162.6;15.2;14.7;14:16;
7.9;76;3.9;7.2;5.4;10.4;1024.8;13290;0;0;0;44;0;162.6;14.9;14.4;14:17;
8;75;3.8;7;6.5;14;1024.7;13790;1;0;0;44;0;162.6;14.7;14.1;14:18;
8;75;3.8;7.2;6.1;7.9;1024.7;15030;1;0;0;44;0;162.6;14.4;13.9;14:19;
8;75;3.8;8;4.7;9;1024.9;16690;1;0;0;44;0;162.6;14.2;13.7;14:20;
8;74;3.7;8;4.7;6.5;1024.8;18110;1;0;0;44;0;162.6;14.1;13.5;14:21;
8.1;74;3.8;6.7;8.3;9.7;1024.6;18540;1;0;0;44;0;162.6;14;13.3;14:22;
8.1;73;3.6;6.5;9.4;10.8;1025;17520;1;0;0;44;0;162.6;13.8;13.1;14:23;
8;73;3.5;6.8;7.2;11.9;1024.7;15680;1;0;0;44;0;162.6;13.8;13;14:24;
7.9;73;3.4;6.2;9.7;10.8;1024.7;14300;1;0;0;44;0;162.6;13.7;13;14:25;
7.8;73;3.3;6.6;7.2;11.5;1024.8;13430;0;0;0;44;0;162.6;13.6;12.9;14:26;
7.8;73;3.3;6.8;6.5;10.4;1024.7;12790;0;0;0;44;0;162.6;13.5;12.7;14:27;
7.9;73;3.4;6.5;8.3;13.7;1024.7;12080;0;0;0;44;0;162.6;13.4;12.6;14:28;
7.8;73;3.3;6.9;6.1;8.3;1024.6;11280;0;0;0;44;0;162.6;13.2;12.5;14:29;
7.8;73;3.3;6.7;6.8;7.9;1024.9;10650;0;0;0;44;0;162.6;13.1;12.5;14:30;
7.8;74;3.5;6.2;9;10.4;1024.8;10240;0;0;0;44;0;162.6;13;12.2;14:31;
7.8;74;3.5;6.5;7.6;9.7;1024.8;9970;0;0;0;44;0;162.6;12.9;12.1;14:32;
7.7;74;3.4;6.8;6.1;8.3;1024.7;9900;0;0;0;44;0;162.6;12.7;12;14:33;
7.7;74;3.4;7;5.4;8.6;1024.7;10200;0;0;0;44;0;162.6;12.6;11.9;14:34;
7.7;74;3.4;5.5;11.9;12.2;1024.7;10570;0;0;0;44;0;162.6;12.5;11.9;14:35;
7.6;74;3.3;6.2;8.3;8.6;1024.6;10650;0;0;0;44;0;162.6;12.4;11.7;14:36;
7.6;74;3.3;5.8;10.1;12.6;1024.7;10290;0;0;0;44;0;162.6;12.3;11.7;14:37;
7.6;74;3.3;6;8.6;9.4;1024.6;9750;0;0;0;44;0;162.6;12.2;11.5;14:38;
7.6;74;3.3;5.4;12.2;13.3;1024.7;9160;0;0;0;44;0;162.6;12.1;11.4;14:39;
7.5;75;3.3;5.5;10.8;12.2;1024.7;8780;0;0;0;44;0;162.6;11.9;11.4;14:40;
7.5;75;3.3;5.4;11.2;14.8;1024.8;8590;0;0;0;44;0;162.6;11.8;11.3;14:41;
7.5;74;3.2;5.5;10.8;15.5;1024.7;8550;0;0;0;44;0;162.6;11.7;11.2;14:42;
7.5;75;3.3;5.8;9.4;12.2;1024.5;8530;0;0;0;44;0;162.6;11.5;11.1;14:43;
7.4;75;3.3;7.4;4.7;8.6;1024.5;8430;0;0;0;44;0;162.6;11.4;11;14:44;
7.5;75;3.3;6.6;5.8;7.2;1024.5;8340;0;0;0;44;0;162.6;11.3;10.9;14:45;
7.5;76;3.5;6;7.9;9.4;1024.4;8110;0;0;0;44;0;162.6;11.2;10.8;14:46;
7.4;76;3.4;5.9;8.3;11.5;1024.5;7730;0;0;0;44;0;162.6;11.1;10.7;14:47;
7.3;77;3.5;4.9;12.6;20.2;1024.6;7510;0;0;0;44;0;162.6;11;10.6;14:48;
7.2;77;3.4;4.5;14.4;16.9;1024.6;7470;0;0;0;44;0;162.6;10.9;10.5;14:49;
7.1;77;3.3;5.6;8.3;13;1024.5;7210;0;0;0;44;0;162.6;10.8;10.4;14:50;
7.1;77;3.3;5.6;7.9;11.5;1024.6;6610;0;0;0;44;0;162.6;10.6;10.3;14:51;
7.1;78;3.5;4.8;11.9;14.8;1024.7;6410;0;0;0;44;0;162.6;10.5;10.2;14:52;
7;77;3.2;5.6;7.6;10.8;1024.5;6500;0;0;0;44;0;162.6;10.4;10.1;14:53;
7;78;3.4;5.3;8.6;11.2;1024.9;6770;0;0;0;44;0;162.6;10.3;10;14:54;
7;77;3.2;6.1;5.8;8.3;1024.5;7070;0;0;0;44;0;162.6;10.2;9.9;14:55;
7;77;3.2;4.7;11.9;11.9;1024.7;7380;0;0;0;44;0;162.6;10.1;9.9;14:56;
7;77;3.2;4.5;13.3;13.3;1024.7;7560;0;0;0;44;0;162.6;10;9.9;14:57;
7;77;3.2;4.9;10.8;15.5;1024.8;7770;0;0;0;44;0;162.6;10;9.8;14:58;
7;77;3.2;5.3;8.6;11.5;1024.7;8050;0;0;0;44;0;162.6;9.9;9.7;14:59;
7;77;3.2;5.2;9.4;13;1024.8;8440;0;0;0;44;0;162.6;9.9;9.7;15:00;
7;77;3.2;5.1;10.1;13.7;1024.9;8950;0;0;0;44;0;162.6;9.8;9.6;15:01;
6.9;77;3.1;5;10.1;13.7;1024.6;9370;0;0;0;44;0;162.6;9.7;9.6;15:02;
6.9;77;3.1;4.7;11.2;13.7;1024.6;9740;0;0;0;44;0;162.6;9.7;9.5;15:03;
6.9;77;3.1;4.8;10.4;13.3;1024.6;10230;0;0;0;44;0;162.6;9.6;9.5;15:04;
7;77;3.2;4.8;11.5;15.5;1024.6;10800;0;0;0;44;0;162.6;9.6;9.5;15:05;
7;77;3.2;5.4;8.3;10.4;1024.6;11340;0;0;0;44;0;162.6;9.6;9.4;15:06;
7;77;3.2;5.4;8.3;13.7;1024.5;11610;0;0;0;44;0;162.6;9.5;9.4;15:07;
7;77;3.2;5.1;10.1;14.8;1024.6;11940;0;0;0;44;0;162.6;9.5;9.3;15:08;
7;77;3.2;5.4;8.3;13.7;1024.7;11880;0;0;0;44;0;162.6;9.5;9.3;15:09;
7;76;3;5.2;9.4;18.4;1024.6;11640;0;0;0;44;0;162.6;9.5;9.3;15:10;
6.9;77;3.1;5.6;6.8;12.2;1024.7;11360;0;0;0;44;0;162.6;9.5;9.3;15:11;
6.9;77;3.1;5.6;6.8;11.9;1024.6;11060;0;0;0;44;0;162.6;9.5;9.3;15:12;
7;77;3.2;6;6.1;13.3;1024.8;10760;0;0;0;44;0;162.6;9.5;9.3;15:13;
7;77;3.2;6.1;5.8;10.4;1024.7;10410;0;0;0;44;0;162.6;9.5;9.3;15:14;
7;77;3.2;5.6;7.6;9.7;1024.6;10020;0;0;0;44;0;162.6;9.5;9.3;15:15;
7;76;3;4.5;13;18;1024.8;9620;0;0;0;44;0;162.6;9.5;9.3;15:16;
6.9;76;2.9;6.2;5;12.2;1024.6;9480;0;0;0;44;0;162.6;9.6;9.3;15:17;
7;77;3.2;5.6;7.6;12.6;1024.7;9470;0;0;0;44;0;162.6;9.6;9.3;15:18;
6.9;76;2.9;5.2;8.6;11.9;1024.5;9490;0;0;0;44;0;162.6;9.5;9.3;15:19;
6.9;76;2.9;4.7;11.2;11.9;1024.7;9410;0;0;0;44;0;162.6;9.5;9.3;15:20;
6.9;76;2.9;5.3;7.9;13;1024.6;9240;0;0;0;44;0;162.6;9.5;9.3;15:21;
6.9;76;2.9;4.8;10.4;11.5;1024.8;9060;0;0;0;44;0;162.6;9.5;9.3;15:22;
6.8;75;2.7;4.9;9.7;13.7;1024.6;8850;0;0;0;44;0;162.6;9.4;9.3;15:23;
6.9;75;2.8;5.3;7.9;11.9;1024.7;8650;0;0;0;44;0;162.6;9.4;9.3;15:24;
6.9;76;2.9;6;5.8;7.6;1025;8460;0;0;0;44;0;162.6;9.4;9.3;15:25;
6.9;76;2.9;5.5;7.6;7.6;1024.7;8350;0;0;0;44;0;162.6;9.3;9.2;15:26;
6.9;76;2.9;5;9.4;11.2;1024.6;8440;0;0;0;44;0;162.6;9.3;9.2;15:27;
6.9;75;2.8;5.2;9;9;1024.7;8770;0;0;0;44;0;162.6;9.3;9.2;15:28;
6.9;75;2.8;5.6;6.8;9.7;1024.8;9080;0;0;0;44;0;162.6;9.3;9.2;15:29;
6.9;75;2.8;5.6;6.8;9;1024.7;9200;0;0;0;44;0;162.6;9.3;9.2;15:30;
7;76;3;5.1;10.1;11.5;1024.7;9150;0;0;0;44;0;162.6;9.3;9.1;15:31;
7;75;2.9;5.2;9.4;9.4;1024.6;9040;0;0;0;44;0;162.6;9.3;9.1;15:32;
7;75;2.9;7;4;5.4;1024.7;9110;0;0;0;44;0;162.6;9.3;9.1;15:33;
7;75;2.9;7;4.7;7.2;1024.6;9740;0;0;0;44;0;162.6;9.3;9.1;15:34;
7;76;3;5.8;6.5;6.5;1024.8;10680;0;0;0;44;0;162.6;9.3;9.1;15:35;
7.1;76;3.1;5.1;10.4;10.4;1024.8;11280;0;0;0;44;0;162.6;9.3;9.1;15:36;
7;76;3;5.6;7.6;8.6;1024.7;11640;0;0;0;44;0;162.6;9.4;9.2;15:37;
7;76;3;4.6;12.6;14.4;1024.6;12330;0;0;0;44;0;162.6;9.4;9.2;15:38;
6.9;76;2.9;5.2;8.6;10.4;1024.8;13130;0;0;0;44;0;162.6;9.5;9.2;15:39;
6.9;76;2.9;6.9;0;6.1;1024.8;13830;1;0;0;44;0;162.6;9.5;9.2;15:40;
7;76;3;5.3;8.6;8.6;1024.8;14500;1;0;0;44;0;162.6;9.5;9.2;15:41;
7;76;3;5.2;9.4;10.8;1024.7;14830;1;0;0;44;0;162.6;9.5;9.3;15:42;
7;75;2.9;6.1;5.8;10.8;1024.9;15000;1;0;0;44;0;162.6;9.6;9.3;15:43;
7;75;2.9;5.3;8.6;11.9;1024.8;15310;1;0;0;44;0;162.6;9.7;9.4;15:44;
7;75;2.9;5.1;10.1;11.5;1024.6;15920;1;0;0;44;0;162.6;9.8;9.4;15:45;
6.9;75;2.8;5.9;6.1;7.6;1024.8;17360;1;0;0;44;0;162.6;9.9;9.4;15:46;
7;75;2.9;5.4;8.3;11.5;1024.8;18480;1;0;0;44;0;162.6;10;9.4;15:47;
7;75;2.9;4.9;10.8;13.3;1024.8;18850;1;0;0;44;0;162.6;10.1;9.7;15:48;
7.1;75;3;7.1;3.2;5.8;1024.6;18510;1;0;0;44;0;162.6;10.2;9.8;15:49;
7.1;75;3;6.3;5.4;13.3;1024.4;17520;1;0;0;44;0;162.6;10.4;9.8;15:50;
7.1;74;2.8;5.8;7.2;10.4;1024.4;16150;1;0;0;44;0;162.6;10.5;10.2;15:51;
7.1;74;2.8;5.8;7.2;8.3;1024.7;14840;1;0;0;44;0;162.6;10.7;10.3;15:52;
7.1;74;2.8;4.9;11.2;13;1024.5;12780;0;0;0;44;0;162.6;10.8;10.3;15:53;
7.1;74;2.8;5.4;8.6;12.6;1024.7;11730;0;0;0;44;0;162.6;10.9;10.7;15:54;
7.1;74;2.8;5.6;7.9;8.3;1024.4;10840;0;0;0;44;0;162.6;10.9;11.1;15:55;
7.2;75;3.1;5.5;9;12.6;1024.6;9630;0;0;0;44;0;162.6;10.9;11.6;15:56;
7.2;75;3.1;6.4;5.4;7.6;1024.5;8220;0;0;0;44;0;162.6;10.9;12.1;15:57;
7.3;75;3.2;6.4;5.8;7.6;1024.7;6990;0;0;0;44;0;162.6;10.9;12.1;15:58;
7.3;74;3;5.5;9.4;9.7;1024.6;6680;0;0;0;44;0;162.6;10.8;12.1;15:59;
7.2;74;2.9;7.2;2.9;7.2;1024.6;6590;0;0;0;44;0;162.6;10.8;12.1;16:00;
7.2;74;2.9;7.2;4.3;8.6;1024.6;7370;0;0;0;44;0;162.6;10.8;12.1;16:01;
7.2;74;2.9;5.7;7.9;10.4;1024.6;7310;0;0;0;44;0;162.6;10.6;13.3;16:02;
7.1;74;2.8;6.2;5.8;9;1024.4;6350;0;0;0;44;0;162.6;10.5;13.3;16:03;
7;74;2.7;5.3;8.6;9;1024.6;6090;0;0;0;44;0;162.6;10.3;13.3;16:04;
7.1;74;2.8;6.1;6.1;6.1;1024.6;6420;0;0;0;44;0;162.6;10.1;13.3;16:05;
7.1;74;2.8;7.1;4;10.1;1024.7;6080;0;0;0;44;0;162.6;9.9;13.3;16:06;
7;74;2.7;6.1;5.8;10.4;1024.6;6230;0;0;0;44;0;162.6;9.8;13.3;16:07;
7;74;2.7;4.9;10.8;14.8;1024.3;6900;0;0;0;44;0;162.6;9.6;13.7;16:08;
6.9;74;2.6;5.5;7.6;11.9;1024.5;6850;0;0;0;44;0;162.6;9.5;13.7;16:09;
7;74;2.7;4.9;10.4;13;1024.5;7020;0;0;0;44;0;162.6;9.5;13.8;16:10;
7;74;2.7;5.7;7.2;8.3;1024.6;7410;0;0;0;44;0;162.6;9.4;13.8;16:11;
7;74;2.7;5.4;8.3;8.3;1024.5;7140;0;0;0;44;0;162.6;9.3;13.8;16:12;
7;73;2.5;4.3;14;15.8;1024.6;8780;0;0;0;44;0;162.6;9.3;13.8;16:13;
6.9;73;2.4;4.6;11.5;11.5;1024.5;8480;0;0;0;44;0;162.6;9.2;13.8;16:14;
6.9;73;2.4;4.2;14.8;15.1;1024.6;8640;0;0;0;44;0;162.6;9.2;13.8;16:15;
6.9;73;2.4;3.9;16.6;16.6;1024.6;7690;0;0;0;44;0;162.6;9.2;13.8;16:16;
6.9;73;2.4;6.1;5.4;8.6;1024.6;5510;0;0;0;44;0;162.6;9.2;13.8;16:17;
6.8;72;2.1;6.8;4.7;7.6;1024.5;5090;0;0;0;44;0;162.6;9.2;13.8;16:18;
6.8;72;2.1;6.8;3.2;10.4;1024.5;5130;0;0;0;44;0;162.6;9.2;13.8;16:19;
6.8;73;2.3;5.4;7.2;13;1024.3;5180;0;0;0;44;0;162.6;9.2;13.8;16:20;
6.7;73;2.2;6.7;4.3;8.3;1024.5;5030;0;0;0;44;0;162.6;9.4;13.7;16:21;
6.7;73;2.2;5.9;5.4;6.1;1024.5;4870;0;0;0;44;0;162.6;9.4;13.7;16:22;
6.7;73;2.2;5;8.6;9;1024.5;4860;0;0;0;44;0;162.6;9.4;13.7;16:23;
6.7;73;2.2;5.4;6.8;6.8;1024.3;4830;0;0;0;44;0;162.6;9.3;13.7;16:24;
6.7;73;2.2;6;5;7.6;1024.2;4800;0;0;0;44;0;162.6;9.2;13.7;16:25;
6.8;73;2.3;6.1;5;6.8;1024.5;4790;0;0;0;44;0;162.6;9;13.7;16:26;
6.8;73;2.3;6.8;4.3;6.1;1024.2;4770;0;0;0;44;0;162.6;8.9;13.7;16:27;
6.8;73;2.3;6.1;5;6.1;1024.4;4760;0;0;0;44;0;162.6;8.7;13.7;16:28;
6.8;73;2.3;6.8;4;8.3;1024.1;4780;0;0;0;44;0;162.6;8.6;13.7;16:29;
6.8;73;2.3;4.9;9.4;9.4;1024.3;4740;0;0;0;44;0;162.6;8.5;13.7;16:30;
6.8;73;2.3;5.5;6.8;7.2;1024.4;4690;0;0;0;44;0;162.6;8.4;13.7;16:31;
6.8;73;2.3;6.8;4.7;10.8;1024.3;4660;0;0;0;44;0;162.6;8.2;13.7;16:32;
6.8;73;2.3;5.2;8.3;10.8;1024.3;4620;0;0;0;44;0;162.6;8.1;13.7;16:33;
6.7;73;2.2;4.9;9;10.8;1024;4650;0;0;0;44;0;162.6;8;13.7;16:34;
6.7;73;2.2;5.1;8.3;9;1024.5;4650;0;0;0;44;0;162.6;7.9;13.7;16:35;
6.7;73;2.2;4.9;9;12.2;1024.2;4580;0;0;0;44;0;162.6;7.9;13.7;16:36;
6.7;73;2.2;5.7;5.8;10.4;1024.1;4530;0;0;0;44;0;162.6;7.7;13.7;16:37;
6.7;73;2.2;5.7;5.8;7.9;1024.2;4570;0;0;0;44;0;162.6;7.7;12.4;16:38;
6.8;73;2.3;6.8;2.2;2.9;1024.1;4750;0;0;0;44;0;162.6;7.6;12.4;16:39;
6.8;73;2.3;4.9;9.4;10.1;1024.1;4980;0;0;0;44;0;162.6;7.5;12.4;16:40;
6.7;73;2.2;6;5;5.4;1024.1;4940;0;0;0;44;0;162.6;7.5;12.4;16:41;
6.8;73;2.3;6.8;4;7.9;1024.3;4720;0;0;0;44;0;162.6;7.5;12.4;16:42;
6.8;74;2.5;6;5.4;6.1;1024;4640;0;0;0;44;0;162.6;7.4;12.4;16:43;
6.8;74;2.5;6;5.4;6.1;1024;5250;0;0;0;44;0;162.6;7.5;12.4;16:44;
6.9;73;2.4;6.9;2.5;4.7;1024;5590;0;0;0;44;0;162.6;7.6;10.3;16:45;
6.9;73;2.4;6.9;3.2;6.1;1024.2;5310;0;0;0;44;0;162.6;7.9;10.3;16:46;
6.9;73;2.4;6.9;4.3;5.8;1024;5370;0;0;0;44;0;162.6;8.2;10.3;16:47;
6.9;73;2.4;6;5.8;6.8;1024.1;4780;0;0;0;44;0;162.6;8.5;10.3;16:48;
6.8;73;2.3;6.8;4;8.3;1023.9;4360;0;0;0;44;0;162.6;8.7;10.3;16:49;
6.9;74;2.6;6.9;4.3;5.8;1024.1;4380;0;0;0;44;0;162.6;8.8;10.3;16:50;
6.9;74;2.6;6.2;5;5.4;1024.1;4240;0;0;0;44;0;162.6;8.8;10.3;16:51;
6.9;74;2.6;5.7;6.5;9.7;1023.9;4220;0;0;0;44;0;162.6;8.7;10.3;16:52;
6.8;74;2.5;5.2;8.3;9;1024.2;4250;0;0;0;44;0;162.6;8.6;9.3;16:53;
6.8;74;2.5;5.5;6.8;6.8;1024.1;4290;0;0;0;44;0;162.6;8.6;9.3;16:54;
6.8;74;2.5;6.8;0;5.4;1024.1;4250;0;0;0;44;0;162.6;8.5;9.3;16:55;
6.8;74;2.5;5.6;6.5;13.3;1024.1;4120;0;0;0;44;0;162.6;8.4;9.3;16:56;
6.8;74;2.5;6;5.4;7.9;1024;4020;0;0;0;44;0;162.6;8.3;9.3;16:57;
6.8;75;2.7;6.8;3.2;5.4;1024;3980;0;0;0;44;0;162.6;8.2;9.3;16:58;
6.8;75;2.7;5.8;5.8;9;1024.1;3940;0;0;0;44;0;162.6;8.1;9.3;16:59;
6.8;75;2.7;5.8;6.1;7.2;1024.1;3900;0;0;0;44;0;162.6;7.9;9.3;17:00;
6.7;74;2.4;6;5;7.9;1024.2;3860;0;0;0;44;0;162.6;7.9;9.3;17:01;
6.7;75;2.6;5.9;5.4;6.5;1024;3830;0;0;0;44;0;162.6;7.7;9.3;17:02;
6.7;75;2.6;6.7;3.2;3.6;1024;3790;0;0;0;44;0;162.6;7.7;9.3;17:03;
6.7;74;2.4;6.7;4;9;1023.8;3750;0;0;0;44;0;162.6;7.6;9.3;17:04;
6.7;75;2.6;5.9;5.4;5.4;1024.2;3720;0;0;0;44;0;162.6;7.5;9.3;17:05;
6.7;75;2.6;6.7;4.3;4.3;1024.1;3680;0;0;0;44;0;162.6;7.4;9.3;17:06;
6.7;75;2.6;5.5;6.5;7.6;1023.9;3640;0;0;0;44;0;162.6;7.3;9.3;17:07;
6.7;75;2.6;5.7;5.8;7.6;1024.1;3610;0;0;0;44;0;162.6;7.2;9.3;17:08;
6.7;75;2.6;5.9;5.4;5.8;1024;3570;0;0;0;44;0;162.6;7.1;9.3;17:09;
6.7;75;2.6;6.7;3.2;4.7;1023.9;3530;0;0;0;44;0;162.6;7;9.3;17:10;
6.7;75;2.6;6.7;3.2;4;1023.8;3500;0;0;0;44;0;162.6;7;9.3;17:11;
6.6;75;2.5;6.6;2.2;6.5;1024.1;3460;0;0;0;44;0;162.6;6.9;9.3;17:12;
6.6;75;2.5;4.8;9;10.4;1023.8;3430;0;0;0;44;0;162.6;6.8;9.3;17:13;
6.6;75;2.5;6.6;4;9;1023.9;3390;0;0;0;44;0;162.6;6.7;9.3;17:14;
6.6;75;2.5;6.6;3.2;6.5;1024;3350;0;0;0;44;0;162.6;6.7;9.3;17:15;
6.6;76;2.7;6.6;2.2;4.3;1024.1;3310;0;0;0;44;0;162.6;6.6;9.3;17:16;
6.6;76;2.7;5.2;7.2;7.2;1024;3270;0;0;0;44;0;162.6;6.6;9.3;17:17;
6.6;75;2.5;5.3;6.8;9.4;1024;3230;0;0;0;44;0;162.6;6.5;9.3;17:18;
6.6;75;2.5;6.6;4.7;6.8;1023.8;3190;0;0;0;44;0;162.6;6.5;9.3;17:19;
6.6;76;2.7;6.6;3.6;4.3;1024;3140;0;0;0;44;0;162.6;6.4;9.3;17:20;
6.6;76;2.7;6.6;3.6;7.6;1023.9;3100;0;0;0;44;0;162.6;6.4;9.3;17:21;
6.6;77;2.9;6.6;4.7;9;1023.9;3060;0;0;0;44;0;162.6;6.4;9.3;17:22;
6.5;77;2.8;4.7;8.6;9.4;1023.9;3010;0;0;0;44;0;162.6;6.3;9.3;17:23;
6.5;77;2.8;6.5;3.6;5.8;1023.8;2970;0;0;0;44;0;162.6;6.3;9.3;17:24;
6.5;77;2.8;6.5;3.6;6.1;1023.8;2920;0;0;0;44;0;162.6;6.2;7.4;17:25;
6.4;77;2.7;6.4;4;4.3;1023.8;2880;0;0;0;44;0;162.6;6.2;7.4;17:26;
6.4;78;2.8;5.1;6.8;7.2;1024.1;2830;0;0;0;44;0;162.6;6.2;7.2;17:27;
6.3;78;2.7;5.3;5.8;7.2;1023.9;2780;0;0;0;44;0;162.6;6.1;7.2;17:28;
6.3;78;2.7;5.4;5.4;6.8;1024;2730;0;0;0;44;0;162.6;6.1;7.1;17:29;
6.3;78;2.7;4.9;6.8;7.6;1024;2680;0;0;0;44;0;162.6;6;7;17:30;
6.3;78;2.7;4.9;6.8;7.2;1023.8;2630;0;0;0;44;0;162.6;6;7;17:31;
6.2;78;2.6;6.2;1.8;5.4;1023.9;2580;0;0;0;44;0;162.6;5.9;7;17:32;
6.2;78;2.6;6.2;2.9;6.1;1024.1;2520;0;0;0;44;0;162.6;5.9;7;17:33;
6.2;78;2.6;5.2;5.8;7.2;1023.8;2470;0;0;0;44;0;162.6;5.9;6.8;17:34;
6.2;78;2.6;6.2;3.6;6.1;1023.9;2420;0;0;0;44;0;162.6;5.8;6.8;17:35;
6.2;78;2.6;6.2;4.3;4.7;1023.8;2370;0;0;0;44;0;162.6;5.8;6.8;17:36;
6.2;78;2.6;6.2;3.6;5.4;1023.7;2310;0;0;0;44;0;162.6;5.7;6.6;17:37;
6.1;78;2.5;6.1;3.2;4;1024;2260;0;0;0;44;0;162.6;5.7;6.6;17:38;
6.1;78;2.5;6.1;1.8;3.6;1024;2200;0;0;0;44;0;162.6;5.7;6.6;17:39;
6.1;79;2.7;5.3;5;5;1023.7;2150;0;0;0;44;0;162.6;5.6;6.5;17:40;
6;79;2.6;6;3.2;5.8;1023.7;2090;0;0;0;44;0;162.6;5.6;6.5;17:41;
6;79;2.6;5.1;5.4;6.8;1023.6;2030;0;0;0;44;0;162.6;5.5;6.5;17:42;
6;79;2.6;6;2.9;6.1;1023.8;1970;0;0;0;44;0;162.6;5.5;6.5;17:43;
6;79;2.6;4.9;5.8;5.8;1023.8;1900;0;0;0;44;0;162.6;5.4;6.5;17:44;
5.9;80;2.7;4.7;6.1;6.5;1023.8;1840;0;0;0;44;0;162.6;5.3;6.5;17:45;
5.9;80;2.7;5.9;1.8;3.2;1024.1;1790;0;0;0;44;0;162.6;5.3;6.5;17:46;
5.9;80;2.7;5.9;0;3.2;1023.6;1720;0;0;0;44;0;162.6;5.2;6.5;17:47;
5.9;80;2.7;5.9;0;2.9;1023.7;1650;0;0;0;44;0;162.6;5.2;6.5;17:48;
5.8;80;2.6;5.8;2.9;4.3;1023.7;1560;0;0;0;44;0;162.6;5.1;6;17:49;
5.8;80;2.6;5.8;0;3.6;1023.8;1490;0;0;0;44;0;162.6;5.1;5.9;17:50;
5.7;80;2.5;5.7;2.5;2.5;1023.7;1420;0;0;0;44;0;162.6;5;5.8;17:51;
5.7;80;2.5;5.7;1.8;3.6;1023.7;1350;0;0;0;44;0;162.6;4.9;5.8;17:52;
5.7;81;2.7;5.7;4.3;4.3;1023.7;1280;0;0;0;44;0;162.6;4.9;5.8;17:53;
5.6;81;2.6;5.6;1.8;2.9;1023.7;1220;0;0;0;44;0;162.6;4.8;5.8;17:54;
5.6;81;2.6;5.6;0;3.2;1023.5;1150;0;0;0;44;0;162.6;4.7;5.6;17:55;
5.6;81;2.6;5.6;1.8;2.2;1023.7;1090;0;0;0;44;0;162.6;4.7;5.6;17:56;
5.5;81;2.5;5.5;0;2.5;1023.7;1030;0;0;0;44;0;162.6;4.6;5.6;17:57;
5.5;81;2.5;5.5;3.2;4.7;1023.9;970;0;0;0;44;0;162.6;4.5;5.4;17:58;
5.5;81;2.5;5.5;3.2;3.2;1023.6;910;0;0;0;44;0;162.6;4.5;5.4;17:59;
5.4;81;2.4;5.4;1.8;2.2;1023.7;860;0;0;0;44;0;162.6;4.4;5.3;18:00;
5.4;81;2.4;5.4;0;3.2;1023.8;800;0;0;0;44;0;162.6;4.4;5.3;18:01;
5.4;81;2.4;5.4;2.9;3.6;1023.6;750;0;0;0;44;0;162.6;4.3;5.3;18:02;
5.3;81;2.3;5.3;2.2;3.2;1023.6;690;0;0;0;44;0;162.6;4.3;5.3;18:03;
5.3;81;2.3;5.3;4;4.7;1023.7;640;0;0;0;44;0;162.6;4.3;5.1;18:04;
5.3;81;2.3;4.4;5;6.1;1023.6;590;0;0;0;44;0;162.6;4.2;5.1;18:05;
5.3;81;2.3;5.3;2.2;4;1023.9;550;0;0;0;44;0;162.6;4.2;5.1;18:06;
5.3;82;2.5;5.3;3.2;4;1023.6;500;0;0;0;44;0;162.6;4.1;5;18:07;
5.2;82;2.4;5.2;4;4;1023.6;460;0;0;0;44;0;162.6;4.1;5;18:08;
5.2;82;2.4;5.2;4;4;1023.7;420;0;0;0;44;0;162.6;4;4.9;18:09;
5.2;82;2.4;5.2;4.3;4.3;1023.8;380;0;0;0;44;0;162.6;4;4.8;18:10;
5.2;82;2.4;5.2;3.2;3.6;1023.7;340;0;0;0;44;0;162.6;4;4.8;18:11;
5.1;82;2.3;5.1;3.6;4;1023.7;300;0;0;0;44;0;162.6;3.9;4.7;18:12;
5.1;82;2.3;5.1;2.2;3.2;1023.8;270;0;0;0;44;0;162.6;3.9;4.7;18:13;
5.1;82;2.3;5.1;2.5;2.9;1023.8;240;0;0;0;44;0;162.6;3.8;4.6;18:14;
5;82;2.2;5;1.8;2.9;1023.8;210;0;0;0;44;0;162.6;3.8;4.6;18:15;
5;82;2.2;5;2.9;3.6;1023.7;180;0;0;0;44;0;162.6;3.8;4.5;18:16;
5;83;2.3;5;2.5;4;1023.7;160;0;0;0;44;0;162.6;3.7;4.4;18:17;
5;82;2.2;5;0;1.8;1023.9;140;0;0;0;44;0;162.6;3.7;4.4;18:18;
4.9;83;2.2;4.9;1.8;2.2;1023.8;120;0;0;0;44;0;162.6;3.6;4.4;18:19;
4.9;83;2.2;4.9;2.2;2.5;1023.7;100;0;0;0;44;0;162.6;3.5;4.4;18:20;
4.8;83;2.1;4.8;0;1.8;1023.7;80;0;0;0;44;0;162.6;3.5;4.4;18:21;
4.8;83;2.1;4.8;0;0;1023.7;70;0;0;0;44;0;162.6;3.4;4.4;18:22;
4.7;83;2;4.7;0;0;1023.8;60;0;0;0;44;0;162.6;3.4;4.1;18:23;
4.6;83;1.9;4.6;0;0;1023.8;50;0;0;0;44;0;162.6;3.3;4.1;18:24;
4.6;83;1.9;4.6;0;0;1023.8;40;0;0;0;44;0;162.6;3.3;4;18:25;
4.5;84;2;4.5;0;0;1023.7;30;0;0;0;44;0;162.6;3.2;3.9;18:26;
4.5;84;2;4.5;0;1.8;1023.7;20;0;0;0;44;0;162.6;3.1;3.9;18:27;
4.4;84;1.9;4.4;0;0;1023.8;20;0;0;0;44;0;162.6;3.1;3.8;18:28;
4.3;84;1.8;4.3;0;0;1023.8;20;0;0;0;44;0;162.6;3;3.7;18:29;
4.3;84;1.8;4.3;1.8;1.8;1023.8;10;0;0;0;44;0;162.6;2.9;3.7;18:30;
4.2;84;1.7;4.2;0;1.8;1023.8;10;0;0;0;44;0;162.6;2.9;3.6;18:31;
4.2;84;1.7;4.2;0;0;1023.7;10;0;0;0;44;0;162.6;2.8;3.6;18:32;
4.1;84;1.6;4.1;0;0;1023.7;0;0;0;0;44;0;162.6;2.7;3.6;18:33;
4.1;84;1.6;4.1;0;1.8;1023.8;0;0;0;0;44;0;162.6;2.7;3.6;18:34;
4.2;85;1.9;4.2;0;2.2;1023.9;0;0;0;0;44;0;162.6;2.7;3.6;18:35;
4.2;85;1.9;4.2;3.2;3.2;1023.8;0;0;0;0;44;0;162.6;2.6;3.6;18:36;
4.3;85;2;4.3;1.8;1.8;1023.6;0;0;0;0;44;0;162.6;2.6;3.6;18:37;
4.3;85;2;4.3;2.2;2.9;1023.7;0;0;0;0;44;0;162.6;2.5;3.6;18:38;
4.3;85;2;4.3;2.9;4;1024;0;0;0;0;44;0;162.6;2.5;3.6;18:39;
4.3;85;2;4.3;0;0;1024;0;0;0;0;44;0;162.6;2.5;3.6;18:40;
4.3;85;2;4.3;0;1.8;1023.8;0;0;0;0;44;0;162.6;2.5;3.6;18:41;
4.2;85;1.9;4.2;2.2;2.5;1023.9;0;0;0;0;44;0;162.6;2.4;3.6;18:42;
4.2;85;1.9;4.2;2.9;2.9;1024;0;0;0;0;44;0;162.6;2.4;3.6;18:43;
4.1;85;1.8;4.1;1.8;2.5;1023.9;0;0;0;0;44;0;162.6;2.4;3.6;18:44;
4.1;85;1.8;4.1;1.8;2.5;1023.9;0;0;0;0;44;0;162.6;2.3;3.6;18:45;
4.1;85;1.8;4.1;1.8;3.6;1023.8;0;0;0;0;44;0;162.6;2.3;3.6;18:46;
4.1;85;1.8;4.1;0;0;1023.8;0;0;0;0;44;0;162.6;2.2;3.6;18:47;
4.1;85;1.8;4.1;0;0;1024;0;0;0;0;44;0;162.6;2.2;3.6;18:48;
4.1;85;1.8;4.1;2.5;3.2;1023.9;0;0;0;0;44;0;162.6;2.2;3.6;18:49;
4;85;1.7;4;0;1.8;1023.8;0;0;0;0;44;0;162.6;2.2;3.6;18:50;
4;86;1.9;4;2.5;4.7;1023.7;0;0;0;0;44;0;162.6;2.2;3.6;18:51;
4;86;1.9;4;1.8;2.5;1024;0;0;0;0;44;0;162.6;2.1;3.6;18:52;
4;86;1.9;4;1.8;2.9;1023.8;0;0;0;0;44;0;162.6;2.2;3.6;18:53;
4;86;1.9;4;2.9;3.2;1023.8;0;0;0;0;44;0;162.6;2.1;3.6;18:54;
4;86;1.9;4;2.2;2.9;1023.8;0;0;0;0;44;0;162.6;2.1;3.6;18:55;
4;86;1.9;4;1.8;1.8;1024;0;0;0;0;44;0;162.6;2.1;3.6;18:56;
4;86;1.9;4;1.8;2.2;1024.2;0;0;0;0;44;0;162.6;2.1;2.9;18:57;
3.9;86;1.8;3.9;0;2.5;1023.8;0;0;0;0;44;0;162.6;2.1;2.9;18:58;
3.9;86;1.8;3.9;0;1.8;1023.9;0;0;0;0;44;0;162.6;2.1;2.9;18:59;
3.8;86;1.7;3.8;2.2;2.5;1023.8;0;0;0;0;44;0;162.6;2.1;2.9;19:00;
3.8;86;1.7;3.8;0;2.5;1023.8;0;0;0;0;44;0;162.6;2.1;2.9;19:01;
3.8;86;1.7;3.8;0;0;1024;0;0;0;0;44;0;162.6;2.1;2.8;19:02;
3.7;86;1.6;3.7;0;0;1024;0;0;0;0;44;0;162.6;2;2.8;19:03;
3.7;86;1.6;3.7;0;0;1024;0;0;0;0;44;0;162.6;2;2.8;19:04;
3.6;86;1.5;3.6;0;1.8;1023.9;0;0;0;0;44;0;162.6;2;2.8;19:05;
3.6;86;1.5;3.6;0;2.2;1024;0;0;0;0;44;0;162.6;1.9;2.8;19:06;
3.6;86;1.5;3.6;0;1.8;1024;0;0;0;0;44;0;162.6;1.9;2.8;19:07;
3.6;86;1.5;3.6;2.5;3.2;1024;0;0;0;0;44;0;162.6;1.8;2.7;19:08;
3.6;86;1.5;3.6;0;1.8;1024;0;0;0;0;44;0;162.6;1.8;2.7;19:09;
3.6;86;1.5;3.6;0;2.2;1023.9;0;0;0;0;44;0;162.6;1.8;2.7;19:10;
3.5;86;1.4;3.5;0;0;1024;0;0;0;0;44;0;162.6;1.8;2.6;19:11;
3.5;86;1.4;3.5;0;0;1023.8;0;0;0;0;44;0;162.6;1.7;2.6;19:12;
3.5;86;1.4;3.5;0;0;1023.9;0;0;0;0;44;0;162.6;1.7;2.6;19:13;
3.4;87;1.4;3.4;0;0;1023.9;0;0;0;0;44;0;162.6;1.7;2.5;19:14;
3.4;87;1.4;3.4;0;0;1023.9;0;0;0;0;44;0;162.6;1.7;2.4;19:15;
3.4;87;1.4;3.4;0;0;1023.8;0;0;0;0;44;0;162.6;1.6;2.4;19:16;
3.4;87;1.4;3.4;0;0;1024;0;0;0;0;44;0;162.6;1.6;2.3;19:17;
3.4;87;1.4;3.4;0;0;1023.9;0;0;0;0;44;0;162.6;1.6;2.3;19:18;
3.3;87;1.3;3.3;0;0;1023.9;0;0;0;0;44;0;162.6;1.5;2.2;19:19;
3.4;87;1.4;3.4;0;0;1023.8;0;0;0;0;44;0;162.6;1.5;2.2;19:20;
3.4;87;1.4;3.4;0;2.5;1024;0;0;0;0;44;0;162.6;1.5;2.2;19:21;
3.4;87;1.4;3.4;0;0;1023.9;0;0;0;0;44;0;162.6;1.5;2.1;19:22;
3.4;87;1.4;3.4;0;0;1023.9;0;0;0;0;44;0;162.6;1.4;2.1;19:23;
3.4;87;1.4;3.4;0;1.8;1023.8;0;0;0;0;44;0;162.6;1.4;2.1;19:24;
3.5;87;1.5;3.5;0;0;1023.8;0;0;0;0;44;0;162.6;1.4;2;19:25;
3.4;87;1.4;3.4;0;0;1024;0;0;0;0;44;0;162.6;1.4;2;19:26;
3.4;87;1.4;3.4;0;0;1023.7;0;0;0;0;44;0;162.6;1.4;2;19:27;
3.4;87;1.4;3.4;0;0;1024;0;0;0;0;44;0;162.6;1.4;2;19:28;
3.4;87;1.4;3.4;0;0;1023.7;0;0;0;0;44;0;162.6;1.4;1.9;19:29;
3.4;87;1.4;3.4;0;0;1023.6;0;0;0;0;44;0;162.6;1.4;1.9;19:30;
3.4;87;1.4;3.4;0;0;1023.8;0;0;0;0;44;0;162.6;1.4;1.9;19:31;
3.4;87;1.4;3.4;0;0;1023.7;0;0;0;0;44;0;162.6;1.4;1.9;19:32;
3.4;87;1.4;3.4;0;0;1023.8;0;0;0;0;44;0;162.6;1.3;1.9;19:33;
3.4;87;1.4;3.4;0;2.2;1023.8;0;0;0;0;44;0;162.6;1.4;1.9;19:34;
3.4;87;1.4;3.4;0;2.2;1023.9;0;0;0;0;44;0;162.6;1.3;1.9;19:35;
3.5;87;1.5;3.5;0;3.2;1023.8;0;0;0;0;44;0;162.6;1.3;1.9;19:36;
3.5;87;1.5;3.5;0;0;1024;0;0;0;0;44;0;162.6;1.4;1.9;19:37;
3.5;87;1.5;3.5;0;0;1023.9;0;0;0;0;44;0;162.6;1.4;1.9;19:38;
3.4;87;1.4;3.4;0;0;1023.8;0;0;0;0;44;0;162.6;1.4;1.9;19:39;
3.4;87;1.4;3.4;0;1.8;1024;0;0;0;0;44;0;162.6;1.4;1.9;19:40;
3.3;87;1.3;3.3;0;2.5;1023.8;0;0;0;0;44;0;162.6;1.4;1.9;19:41;
3.3;87;1.3;3.3;0;0;1023.9;0;0;0;0;44;0;162.6;1.4;1.9;19:42;
3.3;87;1.3;3.3;0;1.8;1023.8;0;0;0;0;44;0;162.6;1.4;1.9;19:43;
3.3;87;1.3;3.3;0;0;1023.9;0;0;0;0;44;0;162.6;1.4;1.9;19:44;
3.4;87;1.4;3.4;0;1.8;1024;0;0;0;0;44;0;162.6;1.4;1.9;19:45;
3.4;87;1.4;3.4;1.8;1.8;1024;0;0;0;0;44;0;162.6;1.4;1.8;19:46;
3.4;86;1.3;3.4;0;2.2;1024;0;0;0;0;44;0;162.6;1.4;1.8;19:47;
3.3;87;1.3;3.3;1.8;2.5;1023.9;0;0;0;0;44;0;162.6;1.4;1.8;19:48;
3.3;86;1.2;3.3;0;2.5;1024;0;0;0;0;44;0;162.6;1.3;1.8;19:49;
3.3;86;1.2;3.3;0;0;1024;0;0;0;0;44;0;162.6;1.4;1.8;19:50;
3.3;86;1.2;3.3;0;2.2;1023.7;0;0;0;0;44;0;162.6;1.4;1.8;19:51;
3.3;86;1.2;3.3;0;1.8;1023.6;0;0;0;0;44;0;162.6;1.4;1.8;19:52;
3.2;86;1.1;3.2;0;0;1023.8;0;0;0;0;44;0;162.6;1.3;1.8;19:53;
3.2;86;1.1;3.2;0;1.8;1023.8;0;0;0;0;44;0;162.6;1.3;1.8;19:54;
3.2;87;1.2;3.2;0;1.8;1024;0;0;0;0;44;0;162.6;1.3;1.8;19:55;
3.2;87;1.2;3.2;0;2.9;1023.9;0;0;0;0;44;0;162.6;1.3;1.7;19:56;
3.2;87;1.2;3.2;1.8;1.8;1023.8;0;0;0;0;44;0;162.6;1.2;1.7;19:57;
3.2;87;1.2;3.2;0;0;1023.9;0;0;0;0;44;0;162.6;1.2;1.7;19:58;
3.2;87;1.2;3.2;0;1.8;1023.9;0;0;0;0;44;0;162.6;1.2;1.7;19:59;
3.2;87;1.2;3.2;1.8;1.8;1023.9;0;0;0;0;44;0;162.6;1.2;1.7;20:00;
3.2;87;1.2;3.2;0;0;1024;0;0;0;0;44;0;162.6;1.2;1.7;20:01;
3.2;87;1.2;3.2;0;1.8;1023.8;0;0;0;0;44;0;162.6;1.2;1.7;20:02;
3.1;87;1.1;3.1;0;0;1023.9;0;0;0;0;44;0;162.6;1.1;1.7;20:03;
3.1;87;1.1;3.1;0;0;1023.8;0;0;0;0;44;0;162.6;1.1;1.7;20:04;
3.1;87;1.1;3.1;0;1.8;1024.1;0;0;0;0;44;0;162.6;1.1;1.6;20:05;
3.1;87;1.1;3.1;0;2.5;1023.9;0;0;0;0;44;0;162.6;1.2;1.6;20:06;
3.2;87;1.2;3.2;1.8;2.2;1024;0;0;0;0;44;0;162.6;1.1;1.6;20:07;
3.1;87;1.1;3.1;0;2.2;1023.9;0;0;0;0;44;0;162.6;1.1;1.6;20:08;
3.1;87;1.1;3.1;0;2.2;1023.8;0;0;0;0;44;0;162.6;1.1;1.6;20:09;
3.1;87;1.1;3.1;0;3.2;1023.7;0;0;0;0;44;0;162.6;1.1;1.6;20:10;
3.1;87;1.1;3.1;0;2.2;1023.9;0;0;0;0;44;0;162.6;1.1;1.6;20:11;
3.1;87;1.1;3.1;2.2;2.5;1023.9;0;0;0;0;44;0;162.6;1.1;1.6;20:12;
3.1;87;1.1;3.1;1.8;2.5;1024;0;0;0;0;44;0;162.6;1.1;1.6;20:13;
3.1;87;1.1;3.1;0;2.5;1024.1;0;0;0;0;44;0;162.6;1.1;1.6;20:14;
3.1;87;1.1;3.1;2.5;2.9;1024.1;0;0;0;0;44;0;162.6;1.1;1.6;20:15;
3.2;87;1.2;3.2;3.6;3.6;1023.9;0;0;0;0;44;0;162.6;1.1;1.6;20:16;
3.2;87;1.2;3.2;0;3.6;1023.9;0;0;0;0;44;0;162.6;1.1;1.6;20:17;
3.2;87;1.2;3.2;2.2;2.2;1023.9;0;0;0;0;44;0;162.6;1.1;1.6;20:18;
3.1;87;1.1;3.1;0;2.2;1023.8;0;0;0;0;44;0;162.6;1.1;1.7;20:19;
3.1;87;1.1;3.1;0;2.2;1023.8;0;0;0;0;44;0;162.6;1.2;1.7;20:20;
3.1;87;1.1;3.1;2.2;2.5;1023.8;0;0;0;0;44;0;162.6;1.2;1.7;20:21;
3.1;87;1.1;3.1;0;2.2;1024;0;0;0;0;44;0;162.6;1.1;1.7;20:22;
3.1;87;1.1;3.1;0;0;1023.9;0;0;0;0;44;0;162.6;1.2;1.7;20:23;
3.1;87;1.1;3.1;2.2;3.6;1023.8;0;0;0;0;44;0;162.6;1.1;1.7;20:24;
3.1;87;1.1;3.1;2.5;2.9;1023.8;0;0;0;0;44;0;162.6;1.2;1.6;20:25;
3.1;88;1.2;3.1;0;3.6;1023.9;0;0;0;0;44;0;162.6;1.2;1.7;20:26;
3.1;87;1.1;3.1;1.8;1.8;1023.9;0;0;0;0;44;0;162.6;1.1;1.7;20:27;
3.1;87;1.1;3.1;2.5;2.5;1023.9;0;0;0;0;44;0;162.6;1.1;1.7;20:28;
3.1;87;1.1;3.1;2.2;2.9;1023.9;0;0;0;0;44;0;162.6;1.2;1.7;20:29;
3.1;87;1.1;3.1;4;4.7;1024;0;0;0;0;44;0;162.6;1.1;1.7;20:30;
3.1;87;1.1;3.1;0;4;1023.9;0;0;0;0;44;0;162.6;1.1;1.6;20:31;
3.1;87;1.1;3.1;1.8;3.6;1023.8;0;0;0;0;44;0;162.6;1.1;1.6;20:32;
3;87;1;3;3.6;3.6;1023.8;0;0;0;0;44;0;162.6;1.2;1.7;20:33;
3;87;1;3;2.2;2.5;1023.9;0;0;0;0;44;0;162.6;1.2;1.7;20:34;
3;87;1;3;0;3.2;1024;0;0;0;0;44;0;162.6;1.2;1.7;20:35;
3;87;1;3;2.2;2.9;1023.9;0;0;0;0;44;0;162.6;1.2;1.7;20:36;
2.9;87;0.9;2.9;0;0;1023.6;0;0;0;0;44;0;162.6;1.1;1.7;20:37;
2.9;87;0.9;2.9;0;2.2;1023.8;0;0;0;0;44;0;162.6;1.1;1.6;20:38;
3;88;1.1;3;0;3.2;1023.7;0;0;0;0;44;0;162.6;1.1;1.6;20:39;
2.9;87;0.9;2.9;0;0;1023.8;0;0;0;0;44;0;162.6;1.1;1.6;20:40;
2.9;87;0.9;2.9;0;0;1023.6;0;0;0;0;44;0;162.6;1.1;1.6;20:41;
2.8;87;0.8;2.8;0;0;1023.8;0;0;0;0;44;0;162.6;1.1;1.6;20:42;
2.8;88;0.9;2.8;0;0;1023.8;0;0;0;0;44;0;162.6;1;1.6;20:43;
2.8;88;0.9;2.8;0;0;1024;0;0;0;0;44;0;162.6;1;1.5;20:44;
2.9;88;1;2.9;0;0;1023.8;0;0;0;0;44;0;162.6;1;1.5;20:45;
2.8;88;0.9;2.8;0;0;1023.8;0;0;0;0;44;0;162.6;1;1.5;20:46;
2.8;88;0.9;2.8;0;2.2;1023.8;0;0;0;0;44;0;162.6;1;1.5;20:47;
2.8;88;0.9;2.8;1.8;1.8;1023.9;0;0;0;0;44;0;162.6;1;1.5;20:48;
2.8;88;0.9;2.8;2.2;2.2;1024.1;0;0;0;0;44;0;162.6;0.9;1.4;20:49;
2.8;88;0.9;2.8;0;0;1024;0;0;0;0;44;0;162.6;0.9;1.4;20:50;
2.7;88;0.8;2.7;2.9;3.2;1023.9;0;0;0;0;44;0;162.6;0.9;1.4;20:51;
2.8;88;0.9;2.8;0;0;1024.1;0;0;0;0;44;0;162.6;0.9;1.4;20:52;
2.7;88;0.8;2.7;0;0;1024;0;0;0;0;44;0;162.6;0.8;1.3;20:53;
2.7;88;0.8;2.7;0;0;1024;0;0;0;0;44;0;162.6;0.8;1.3;20:54;
2.6;88;0.7;2.6;0;0;1023.9;0;0;0;0;44;0;162.6;0.8;1.3;20:55;
2.6;88;0.7;2.6;0;0;1024.1;0;0;0;0;44;0;162.6;0.8;1.3;20:56;
2.5;88;0.6;2.5;0;0;1024.2;0;0;0;0;44;0;162.6;0.7;1.3;20:57;
2.5;88;0.6;2.5;0;0;1024.1;0;0;0;0;44;0;162.6;0.7;1.2;20:58;
2.5;88;0.6;2.5;2.5;2.9;1024.1;0;0;0;0;44;0;162.6;0.7;1.2;20:59;
2.6;89;0.9;2.6;1.8;2.9;1024.2;0;0;0;0;44;0;162.6;0.7;1.2;21:00;
2.6;88;0.7;2.6;0;0;1024.3;0;0;0;0;44;0;162.6;0.7;1.1;21:01;
2.5;88;0.6;2.5;0;0;1024.3;0;0;0;0;44;0;162.6;0.6;1.1;21:02;
2.5;89;0.8;2.5;0;0;1024.1;0;0;0;0;44;0;162.6;0.6;1.1;21:03;
2.5;89;0.8;2.5;1.8;2.2;1024.2;0;0;0;0;44;0;162.6;0.6;1.1;21:04;
2.5;89;0.8;2.5;0;0;1023.9;0;0;0;0;44;0;162.6;0.6;1;21:05;
2.5;89;0.8;2.5;0;0;1024;0;0;0;0;44;0;162.6;0.6;1;21:06;
2.4;89;0.7;2.4;0;0;1024;0;0;0;0;44;0;162.6;0.6;1;21:07;
2.4;89;0.7;2.4;0;0;1024;0;0;0;0;44;0;162.6;0.5;1;21:08;
2.4;89;0.7;2.4;1.8;2.5;1024;0;0;0;0;44;0;162.6;0.5;1;21:09;
2.4;89;0.7;2.4;1.8;2.2;1023.9;0;0;0;0;44;0;162.6;0.5;0.9;21:10;
2.4;89;0.7;2.4;1.8;2.2;1024;0;0;0;0;44;0;162.6;0.5;0.9;21:11;
2.4;89;0.7;2.4;0;0;1024;0;0;0;0;44;0;162.6;0.4;0.9;21:12;
2.4;89;0.7;2.4;0;2.2;1024;0;0;0;0;44;0;162.6;0.4;0.9;21:13;
2.3;89;0.6;2.3;0;1.8;1024.1;0;0;0;0;44;0;162.6;0.4;0.9;21:14;
2.3;89;0.6;2.3;2.2;2.9;1023.7;0;0;0;0;44;0;162.6;0.4;0.9;21:15;
2.3;89;0.6;2.3;0;0;1023.6;0;0;0;0;44;0;162.6;0.4;0.9;21:16;
2.3;89;0.6;2.3;2.9;2.9;1023.7;0;0;0;0;44;0;162.6;0.3;0.9;21:17;
2.3;89;0.6;2.3;0;2.2;1024;0;0;0;0;44;0;162.6;0.3;0.8;21:18;
2.3;89;0.6;2.3;0;0;1023.7;0;0;0;0;44;0;162.6;0.3;0.8;21:19;
2.3;89;0.6;2.3;2.5;2.5;1023.8;0;0;0;0;44;0;162.6;0.3;0.9;21:20;
2.3;89;0.6;2.3;0;2.5;1023.8;0;0;0;0;44;0;162.6;0.3;0.9;21:21;
2.3;89;0.6;2.3;2.2;2.9;1023.9;0;0;0;0;44;0;162.6;0.3;0.9;21:22;
2.3;89;0.6;2.3;2.2;2.9;1023.8;0;0;0;0;44;0;162.6;0.2;0.9;21:23;
2.3;89;0.6;2.3;0;0;1023.8;0;0;0;0;44;0;162.6;0.2;0.9;21:24;
2.3;89;0.6;2.3;3.6;4;1023.9;0;0;0;0;44;0;162.6;0.2;0.9;21:25;
2.3;89;0.6;2.3;2.9;3.2;1023.7;0;0;0;0;44;0;162.6;0.2;0.9;21:26;
2.3;89;0.6;2.3;0;0;1023.8;0;0;0;0;44;0;162.6;0.2;0.9;21:27;
2.3;89;0.6;2.3;1.8;2.5;1023.7;0;0;0;0;44;0;162.6;0.2;0.9;21:28;
2.2;89;0.5;2.2;1.8;2.2;1023.7;0;0;0;0;44;0;162.6;0.2;0.9;21:29;
2.2;89;0.5;2.2;2.2;2.2;1023.7;0;0;0;0;44;0;162.6;0.2;0.9;21:30;
2.1;89;0.4;2.1;2.9;3.6;1023.7;0;0;0;0;44;0;162.6;0.1;0.9;21:31;
2.1;89;0.4;2.1;2.9;2.9;1023.7;0;0;0;0;44;0;162.6;0.1;0.9;21:32;
2.1;89;0.4;2.1;3.6;3.6;1023.7;0;0;0;0;44;0;162.6;0.1;0.9;21:33;
2.1;89;0.4;2.1;0;2.2;1023.9;0;0;0;0;44;0;162.6;0.2;0.9;21:34;
2;89;0.3;2;0;0;1023.6;0;0;0;0;44;0;162.6;0.1;0.9;21:35;
2;89;0.3;2;0;0;1023.6;0;0;0;0;44;0;162.6;0.1;0.9;21:36;
1.9;89;0.2;1.9;2.5;2.5;1023.5;0;0;0;0;44;0;162.6;0.1;0.9;21:37;
1.9;89;0.2;1.9;2.2;2.2;1023.5;0;0;0;0;44;0;162.6;0.1;0.9;21:38;
1.9;89;0.2;1.9;0;2.2;1023.6;0;0;0;0;44;0;162.6;0.1;0.9;21:39;
1.9;89;0.2;1.9;0;1.8;1023.7;0;0;0;0;44;0;162.6;0;0.9;21:40;
1.8;89;0.1;1.8;2.2;2.2;1023.6;0;0;0;0;44;0;162.6;0;0.9;21:41;
1.8;89;0.1;1.8;0;1.8;1023.6;0;0;0;0;44;0;162.6;0;0.9;21:42;
1.8;89;0.1;1.8;2.5;2.5;1023.7;0;0;0;0;44;0;162.6;0;0.8;21:43;
1.8;89;0.1;1.8;0;2.9;1023.7;0;0;0;0;44;0;162.6;-0.1;0.8;21:44;
1.8;89;0.1;1.8;4.3;5;1023.6;0;0;0;0;44;0;162.6;-0.1;0.8;21:45;
1.8;89;0.1;1.8;4;4.3;1023.6;0;0;0;0;44;0;162.6;-0.1;0.8;21:46;
1.8;89;0.1;1.8;3.6;5;1023.6;0;0;0;0;44;0;162.6;-0.1;0.8;21:47;
1.7;89;0;1.7;2.2;3.2;1023.5;0;0;0;0;44;0;162.6;-0.1;0.8;21:48;
1.7;89;0;1.7;1.8;3.6;1023.3;0;0;0;0;44;0;162.6;-0.1;0.8;21:49;
1.7;89;0;1.7;3.2;3.2;1023.5;0;0;0;0;44;0;162.6;-0.1;0.8;21:50;
1.6;89;-0.1;1.6;2.5;2.5;1023.6;0;0;0;0;44;0;162.6;-0.1;0.8;21:51;
1.6;89;-0.1;1.6;1.8;2.9;1023.5;0;0;0;0;44;0;162.6;-0.1;0.8;21:52;
1.6;89;-0.1;1.6;3.2;3.6;1023.3;0;0;0;0;44;0;162.6;-0.1;0.8;21:53;
1.5;89;-0.2;1.5;2.9;3.6;1023.5;0;0;0;0;44;0;162.6;-0.1;0.8;21:54;
1.5;89;-0.2;1.5;2.5;2.9;1023.5;0;0;0;0;44;0;162.6;-0.1;0.8;21:55;
1.5;89;-0.2;1.5;2.5;4;1023.3;0;0;0;0;44;0;162.6;-0.1;0.8;21:56;
1.5;89;-0.2;1.5;3.6;4;1023.5;0;0;0;0;44;0;162.6;-0.1;0.8;21:57;
1.6;89;-0.1;1.6;0;2.9;1023.5;0;0;0;0;44;0;162.6;-0.1;0.8;21:58;
1.6;90;0.1;1.6;2.5;3.6;1023.3;0;0;0;0;44;0;162.6;-0.2;0.8;21:59;
1.6;90;0.1;1.6;4.7;6.1;1023.3;0;0;0;0;44;0;162.6;-0.1;0.8;22:00;
1.6;89;-0.1;1.6;0;3.6;1023.3;0;0;0;0;44;0;162.6;-0.2;0.8;22:01;
1.6;89;-0.1;1.6;2.5;2.5;1023.3;0;0;0;0;44;0;162.6;-0.1;0.8;22:02;
1.5;90;0;1.5;1.8;2.9;1023.4;0;0;0;0;44;0;162.6;-0.1;0.8;22:03;
1.6;90;0.1;1.6;4;4;1023.3;0;0;0;0;44;0;162.6;-0.2;0.8;22:04;
1.7;90;0.2;1.7;3.6;4;1023.2;0;0;0;0;44;0;162.6;-0.2;0.8;22:05;
1.7;90;0.2;1.7;4;5;1023.1;0;0;0;0;44;0;162.6;-0.1;0.8;22:06;
1.7;90;0.2;1.7;2.9;4.7;1023.5;0;0;0;0;44;0;162.6;-0.1;0.9;22:07;
1.7;90;0.2;1.7;3.2;6.1;1023.1;0;0;0;0;44;0;162.6;-0.1;0.9;22:08;
1.8;90;0.3;1.8;4;6.1;1023.1;0;0;0;0;44;0;162.6;-0.1;0.9;22:09;
1.8;90;0.3;1.8;3.6;4.7;1023;0;0;0;0;44;0;162.6;-0.1;0.9;22:10;
1.8;90;0.3;1.8;2.9;6.1;1023.3;0;0;0;0;44;0;162.6;-0.1;0.9;22:11;
1.9;90;0.4;1.9;0;6.8;1023.1;0;0;0;0;44;0;162.6;0;0.9;22:12;
1.9;90;0.4;0.1;6.1;8.3;1023;0;0;0;0;44;0;162.6;0;0.9;22:13;
2;90;0.5;0.3;6.1;8.6;1023.1;0;0;0;0;44;0;162.6;0.1;0.9;22:14;
2;90;0.5;-0.4;7.9;9.4;1023.1;0;0;0;0;44;0;162.6;0.1;0.9;22:15;
2.1;90;0.6;0.2;6.5;7.2;1023.1;0;0;0;0;44;0;162.6;0.1;0.9;22:16;
2.1;90;0.6;2.1;1.8;5.4;1023.1;0;0;0;0;44;0;162.6;0.2;1;22:17;
2;89;0.3;2;4.7;4.7;1023.1;0;0;0;0;44;0;162.6;0.3;1;22:18;
2;89;0.3;2;3.2;5;1023;0;0;0;0;44;0;162.6;0.3;1;22:19;
2.1;89;0.4;2.1;3.2;3.6;1023.1;0;0;0;0;44;0;162.6;0.3;1;22:20;
2;89;0.3;0.3;6.1;6.1;1023.1;0;0;0;0;44;0;162.6;0.4;1;22:21;
2;89;0.3;2;4.7;4.7;1023;0;0;0;0;44;0;162.6;0.4;1;22:22;
2.1;89;0.4;0.1;6.8;9;1023;0;0;0;0;44;0;162.6;0.4;1;22:23;
2.1;89;0.4;2.1;3.2;3.6;1023.1;0;0;0;0;44;0;162.6;0.4;1;22:24;
2.1;89;0.4;2.1;2.5;5.4;1023.1;0;0;0;0;44;0;162.6;0.4;1;22:25;
2.1;89;0.4;2.1;2.5;4.3;1023.1;0;0;0;0;44;0;162.6;0.5;1;22:26;
2.1;89;0.4;0.4;6.1;7.2;1022.9;0;0;0;0;44;0;162.6;0.5;1.1;22:27;
2.1;89;0.4;2.1;3.2;3.2;1023.1;0;0;0;0;44;0;162.6;0.5;1.1;22:28;
2.1;89;0.4;2.1;2.5;4.7;1023.1;0;0;0;0;44;0;162.6;0.5;1.1;22:29;
2.1;89;0.4;2.1;4.7;8.6;1023;0;0;0;0;44;0;162.6;0.5;1.1;22:30;
2.1;89;0.4;0.6;5.4;6.8;1023;0;0;0;0;44;0;162.6;0.5;1.1;22:31;
2.1;89;0.4;2.1;4;5.4;1022.9;0;0;0;0;44;0;162.6;0.5;1.1;22:32;
2.1;89;0.4;0.1;6.8;10.8;1023;0;0;0;0;44;0;162.6;0.5;1.1;22:33;
2.1;89;0.4;0.2;6.5;7.9;1022.9;0;0;0;0;44;0;162.6;0.5;1.1;22:34;
2.2;89;0.5;0.1;7.2;9.4;1022.8;0;0;0;0;44;0;162.6;0.6;1.1;22:35;
2.2;89;0.5;0.6;5.8;9.4;1022.9;0;0;0;0;44;0;162.6;0.6;1.1;22:36;
2.2;89;0.5;2.2;3.6;8.6;1023;0;0;0;0;44;0;162.6;0.6;1.1;22:37;
2.2;89;0.5;0.3;6.5;7.6;1022.9;0;0;0;0;44;0;162.6;0.7;1.1;22:38;
2.2;89;0.5;2.2;2.9;9.7;1022.9;0;0;0;0;44;0;162.6;0.7;1.1;22:39;
2.2;88;0.3;2.2;2.9;5.8;1022.8;0;0;0;0;44;0;162.6;0.7;1.1;22:40;
2.2;88;0.3;0.6;5.8;7.6;1022.9;0;0;0;0;44;0;162.6;0.7;1.1;22:41;
2.2;88;0.3;2.2;0;6.1;1023;0;0;0;0;44;0;162.6;0.8;1.1;22:42;
2.2;88;0.3;2.2;4.3;5;1022.9;0;0;0;0;44;0;162.6;0.7;1.1;22:43;
2.2;88;0.3;2.2;2.9;4.7;1023;0;0;0;0;44;0;162.6;0.7;1.1;22:44;
2.2;88;0.3;2.2;4.3;6.1;1022.7;0;0;0;0;44;0;162.6;0.8;1.2;22:45;
2.2;88;0.3;2.2;4;4;1022.9;0;0;0;0;44;0;162.6;0.8;1.1;22:46;
2.1;88;0.2;2.1;2.2;3.6;1022.8;0;0;0;0;44;0;162.6;0.7;1.2;22:47;
2.1;88;0.2;2.1;4;7.9;1022.8;0;0;0;0;44;0;162.6;0.7;1.1;22:48;
2.1;88;0.2;2.1;4;4;1022.8;0;0;0;0;44;0;162.6;0.7;1.2;22:49;
2.1;88;0.2;0.1;6.8;6.8;1022.6;0;0;0;0;44;0;162.6;0.7;1.1;22:50;
2.1;88;0.2;2.1;4.7;7.9;1022.7;0;0;0;0;44;0;162.6;0.7;1.2;22:51;
2.1;88;0.2;0.2;6.5;6.5;1022.7;0;0;0;0;44;0;162.6;0.6;1.1;22:52;
2.1;88;0.2;0.2;6.5;6.5;1022.8;0;0;0;0;44;0;162.6;0.7;1.1;22:53;
2.1;88;0.2;0.1;6.8;7.2;1022.6;0;0;0;0;44;0;162.6;0.6;1.1;22:54;
2.1;88;0.2;0;7.2;7.2;1022.7;0;0;0;0;44;0;162.6;0.6;1.1;22:55;
2.1;88;0.2;2.1;3.6;4.7;1022.9;0;0;0;0;44;0;162.6;0.6;1.1;22:56;
2.1;88;0.2;2.1;4.7;7.9;1023;0;0;0;0;44;0;162.6;0.6;1.1;22:57;
2.1;88;0.2;0.6;5.4;5.8;1022.7;0;0;0;0;44;0;162.6;0.6;1.1;22:58;
2.1;88;0.2;2.1;2.2;2.9;1022.6;0;0;0;0;44;0;162.6;0.6;1;22:59;
2;87;0;2;3.6;5.8;1022.6;0;0;0;0;44;0;162.6;0.6;1;23:00;
2;87;0;2;0;2.5;1022.8;0;0;0;0;44;0;162.6;0.6;1;23:01;
2;87;0;2;1.8;2.5;1022.5;0;0;0;0;44;0;162.6;0.6;1;23:02;
1.9;88;0;1.9;3.6;3.6;1022.6;0;0;0;0;44;0;162.6;0.6;1;23:03;
1.9;88;0;1.9;1.8;4;1022.7;0;0;0;0;44;0;162.6;0.5;1;23:04;
1.9;88;0;1.9;1.8;2.9;1022.6;0;0;0;0;44;0;162.6;0.5;1;23:05;
1.8;88;-0.1;1.8;2.5;2.5;1022.7;0;0;0;0;44;0;162.6;0.4;0.9;23:06;
1.8;88;-0.1;1.8;0;0;1022.6;0;0;0;0;44;0;162.6;0.4;0.9;23:07;
1.8;88;-0.1;0.3;5.4;5.4;1022.5;0;0;0;0;44;0;162.6;0.4;0.9;23:08;
1.9;88;0;1.9;2.2;2.5;1022.5;0;0;0;0;44;0;162.6;0.4;0.9;23:09;
1.8;88;-0.1;1.8;2.2;2.5;1022.6;0;0;0;0;44;0;162.6;0.3;0.9;23:10;
1.8;88;-0.1;1.8;2.2;2.5;1022.8;0;0;0;0;44;0;162.6;0.3;0.9;23:11;
1.8;88;-0.1;1.8;0;2.2;1022.7;0;0;0;0;44;0;162.6;0.2;0.9;23:12;
1.8;88;-0.1;1.8;1.8;1.8;1022.6;0;0;0;0;44;0;162.6;0.2;0.9;23:13;
1.7;88;-0.2;1.7;2.5;2.9;1022.7;0;0;0;0;44;0;162.6;0.2;0.9;23:14;
1.7;88;-0.2;1.7;1.8;2.5;1022.7;0;0;0;0;44;0;162.6;0.2;0.9;23:15;
1.7;88;-0.2;1.7;1.8;2.2;1022.7;0;0;0;0;44;0;162.6;0.1;0.8;23:16;
1.6;88;-0.3;1.6;1.8;1.8;1022.6;0;0;0;0;44;0;162.6;0.1;0.8;23:17;
1.6;88;-0.3;1.6;2.5;2.5;1022.5;0;0;0;0;44;0;162.6;0;0.8;23:18;
1.6;88;-0.3;1.6;0;0;1022.5;0;0;0;0;44;0;162.6;0;0.8;23:19;
1.5;88;-0.3;1.5;0;2.5;1022.6;0;0;0;0;44;0;162.6;0;0.7;23:20;
1.5;88;-0.3;1.5;0;0;1022.6;0;0;0;0;44;0;162.6;-0.1;0.7;23:21;
1.5;89;-0.2;1.5;3.6;5;1022.8;0;0;0;0;44;0;162.6;-0.1;0.6;23:22;
1.5;88;-0.3;1.5;0;0;1022.7;0;0;0;0;44;0;162.6;-0.1;0.6;23:23;
1.4;88;-0.4;1.4;0;0;1022.5;0;0;0;0;44;0;162.6;-0.2;0.6;23:24;
1.4;88;-0.4;1.4;0;0;1022.7;0;0;0;0;44;0;162.6;-0.2;0.5;23:25;
1.3;89;-0.4;1.3;0;0;1022.7;0;0;0;0;44;0;162.6;-0.2;0.5;23:26;
1.3;89;-0.4;1.3;0;0;1022.3;0;0;0;0;44;0;162.6;-0.3;0.4;23:27;
1.2;88;-0.6;1.2;0;0;1022.4;0;0;0;0;44;0;162.6;-0.3;0.4;23:28;
1.1;89;-0.6;1.1;0;0;1022.6;0;0;0;0;44;0;162.6;-0.4;0.3;23:29;
1.1;89;-0.6;1.1;0;1.8;1022.4;0;0;0;0;44;0;162.6;-0.4;0.2;23:30;
1.1;89;-0.6;1.1;0;2.2;1022.3;0;0;0;0;44;0;162.6;-0.5;0.2;23:31;
1;89;-0.6;1;1.8;1.8;1022.6;0;0;0;0;44;0;162.6;-0.5;0.1;23:32;
1;89;-0.6;1;0;1.8;1022.3;0;0;0;0;44;0;162.6;-0.6;0.1;23:33;
1;89;-0.6;1;0;1.8;1022.5;0;0;0;0;44;0;162.6;-0.6;0;23:34;
1;89;-0.6;1;0;0;1022.4;0;0;0;0;44;0;162.6;-0.7;0;23:35;
1;89;-0.6;1;0;1.8;1022.5;0;0;0;0;44;0;162.6;-0.7;-0.1;23:36;
0.9;89;-0.7;0.9;0;0;1022.6;0;0;0;0;44;0;162.6;-0.8;-0.1;23:37;
0.9;89;-0.7;0.9;0;0;1022.3;0;0;0;0;44;0;162.6;-0.8;-0.1;23:38;
0.9;89;-0.7;0.9;0;0;1022.5;0;0;0;0;44;0;162.6;-0.9;-0.1;23:39;
1;90;-0.5;1;0;0;1022.4;0;0;0;0;44;0;162.6;-0.9;-0.2;23:40;
1;90;-0.5;1;0;0;1022.4;0;0;0;0;44;0;162.6;-1;-0.2;23:41;
1.1;89;-0.6;1.1;0;0;1022.5;0;0;0;0;44;0;162.6;-1;-0.2;23:42;
1;89;-0.6;1;0;0;1022.4;0;0;0;0;44;0;162.6;-1;-0.2;23:43;
1;90;-0.5;1;0;0;1022.3;0;0;0;0;44;0;162.6;-1;-0.3;23:44;
1.1;90;-0.4;1.1;0;0;1022.3;0;0;0;0;44;0;162.6;-1;-0.3;23:45;
1.1;90;-0.4;1.1;0;0;1022.5;0;0;0;0;44;0;162.6;-1;-0.3;23:46;
1;90;-0.5;1;0;0;1022.4;0;0;0;0;44;0;162.6;-1;-0.3;23:47;
0.9;90;-0.6;0.9;0;0;1022.3;0;0;0;0;44;0;162.6;-1.1;-0.4;23:48;
0.9;90;-0.6;0.9;0;0;1022.5;0;0;0;0;44;0;162.6;-1.1;-0.4;23:49;
0.8;90;-0.7;0.8;1.8;1.8;1022.4;0;0;0;0;44;0;162.6;-1.1;-0.4;23:50;
0.8;89;-0.8;0.8;0;0;1022.3;0;0;0;0;44;0;162.6;-1.1;-0.4;23:51;
0.8;90;-0.7;0.8;0;1.8;1022.3;0;0;0;0;44;0;162.6;-1.2;-0.5;23:52;
0.8;90;-0.7;0.8;2.2;2.5;1022.3;0;0;0;0;44;0;162.6;-1.2;-0.5;23:53;
0.8;90;-0.7;0.8;2.2;2.5;1022.3;0;0;0;0;44;0;162.6;-1.2;-0.5;23:54;
0.9;90;-0.6;0.9;2.5;2.9;1022.3;0;0;0;0;44;0;162.6;-1.2;-0.5;23:55;
1;90;-0.5;1;2.2;2.9;1022.2;0;0;0;0;44;0;162.6;-1.2;-0.5;23:56;
1;90;-0.5;1;2.5;2.5;1022.4;0;0;0;0;44;0;162.6;-1.2;-0.5;23:57;
1.1;90;-0.4;1.1;2.2;2.9;1022.4;0;0;0;0;44;0;162.6;-1.2;-0.5;23:58;
